ts,match_id,prediction,radiant_prob,dire_prob,confidence,threshold,radiant_team_id,dire_team_id,radiant_heroes,dire_heroes
1765529766,7753420462,SKIP,0.48898518406221675,0.5110148159377832,0.5110148159377832,0.65,-1,-1,"[136, 13, 137, 100, 128]","[95, 49, 129, 101, 84]"
1765529783,8451671758,SKIP,0.6022682501348297,0.39773174986517035,0.6022682501348297,0.65,-1,-1,"[10, 11, 97, 79, 84]","[63, 16, 114, 121, 45]"
1765529783,8389858974,SKIP,0.6397110904327696,0.36028890956723036,0.6397110904327696,0.65,-1,-1,"[53, 114, 129, 119, 131]","[136, 11, 2, 27, 37]"
1765529783,7842634463,SKIP,0.5493101809047403,0.45068981909525974,0.5493101809047403,0.65,-1,-1,"[18, 106, 137, 65, 66]","[95, 16, 108, 123, 5]"
1765529784,7974260231,SKIP,0.5504223895473654,0.44957761045263456,0.5504223895473654,0.65,-1,-1,"[48, 120, 92, 136, 58]","[73, 107, 99, 51, 119]"
1765529784,7817345574,SKIP,0.5978934302416878,0.40210656975831216,0.5978934302416878,0.65,-1,-1,"[81, 11, 120, 121, 63]","[98, 10, 69, 114, 37]"
1765529784,8322213249,SKIP,0.46135456136985487,0.5386454386301451,0.5386454386301451,0.65,-1,-1,"[109, 99, 55, 63, 64]","[94, 23, 97, 3, 85]"
1765529784,8093042137,SKIP,0.5088714498631184,0.4911285501368816,0.5088714498631184,0.65,-1,-1,"[10, 120, 137, 123, 103]","[53, 19, 29, 138, 84]"
1765529784,7942030630,SKIP,0.5426853293658171,0.45731467063418285,0.5426853293658171,0.65,-1,-1,"[49, 98, 129, 128, 58]","[48, 107, 16, 112, 51]"
1765529784,8177162198,SKIP,0.5579890172931881,0.44201098270681194,0.5579890172931881,0.65,-1,-1,"[77, 49, 33, 121, 103]","[19, 13, 135, 22, 37]"
1765529784,8458460625,SKIP,0.4804024254799087,0.5195975745200914,0.5195975745200914,0.65,-1,-1,"[1, 13, 99, 123, 87]","[18, 16, 59, 79, 58]"
1765529784,8043921889,SKIP,0.6252951594369581,0.3747048405630419,0.6252951594369581,0.65,-1,-1,"[11, 120, 99, 26, 51]","[10, 74, 38, 138, 72]"
1765529784,7929405044,SKIP,0.6205819796815768,0.3794180203184232,0.6205819796815768,0.65,-1,-1,"[48, 19, 120, 35, 83]","[114, 13, 69, 86, 58]"
1765529784,8165579487,SKIP,0.44101193241151887,0.5589880675884811,0.5589880675884811,0.65,-1,-1,"[102, 19, 129, 62, 110]","[109, 25, 97, 88, 31]"
1765529784,7872140051,SKIP,0.5357869442290635,0.4642130557709365,0.5357869442290635,0.65,-1,-1,"[41, 137, 16, 128, 121]","[10, 106, 120, 63, 110]"
1765529784,8094431429,SKIP,0.46911952437303567,0.5308804756269643,0.5308804756269643,0.65,-1,-1,"[56, 120, 109, 138, 110]","[72, 19, 38, 45, 103]"
1765529784,7988262016,SKIP,0.6017289853466145,0.39827101465338555,0.6017289853466145,0.65,-1,-1,"[6, 13, 33, 119, 99]","[10, 107, 38, 123, 31]"
1765529785,8087678764,SKIP,0.6411238301967181,0.35887616980328185,0.6411238301967181,0.65,-1,-1,"[72, 74, 136, 119, 103]","[18, 114, 77, 65, 79]"
1765529785,8273422554,SKIP,0.5185804759542805,0.4814195240457195,0.5185804759542805,0.65,-1,-1,"[94, 17, 69, 62, 5]","[49, 19, 16, 68, 103]"
1765529785,8356211938,SKIP,0.5569058850459062,0.4430941149540938,0.5569058850459062,0.65,-1,-1,"[109, 13, 2, 14, 64]","[54, 114, 28, 100, 37]"
1765529785,7972235565,SKIP,0.5975879412088932,0.40241205879110675,0.5975879412088932,0.65,-1,-1,"[14, 53, 33, 100, 37]","[9, 17, 137, 79, 58]"
1765529785,8228431384,SKIP,0.5968128086557081,0.40318719134429193,0.5968128086557081,0.65,-1,-1,"[49, 52, 38, 19, 75]","[109, 120, 29, 100, 34]"
1765529785,8120265069,SKIP,0.5040098470392638,0.49599015296073623,0.5040098470392638,0.65,-1,-1,"[10, 25, 135, 100, 79]","[126, 120, 99, 51, 66]"
1765529785,7912074604,SKIP,0.5947059089281289,0.4052940910718711,0.5947059089281289,0.65,-1,-1,"[49, 52, 16, 9, 57]","[93, 137, 61, 128, 26]"
1765529785,8464675132,SKIP,0.5860312833640956,0.4139687166359044,0.5860312833640956,0.65,-1,-1,"[95, 13, 96, 119, 100]","[136, 126, 137, 128, 91]"
1765529785,8260992196,SKIP,0.6157754514577446,0.3842245485422554,0.6157754514577446,0.65,-1,-1,"[70, 23, 33, 19, 58]","[109, 17, 55, 100, 34]"
1765529785,8522038477,SKIP,0.6376853342852609,0.36231466571473914,0.6376853342852609,0.65,-1,-1,"[70, 126, 2, 79, 87]","[8, 17, 129, 123, 64]"
1765529785,8082397846,SKIP,0.5332388073775957,0.46676119262240434,0.5332388073775957,0.65,-1,-1,"[10, 107, 98, 26, 31]","[53, 97, 29, 123, 64]"
1765529785,7868705787,SKIP,0.44677054832787416,0.5532294516721259,0.5532294516721259,0.65,-1,-1,"[49, 16, 120, 64, 66]","[95, 52, 55, 19, 103]"
1765529785,8088463519,SKIP,0.5458080085176936,0.4541919914823064,0.5458080085176936,0.65,-1,-1,"[72, 106, 29, 26, 51]","[15, 19, 109, 65, 84]"
1765529785,8252630710,SKIP,0.5149837412937952,0.4850162587062048,0.5149837412937952,0.65,-1,-1,"[19, 35, 33, 34, 64]","[114, 49, 129, 90, 131]"
1765529785,8252515077,SKIP,0.5333137323202719,0.4666862676797281,0.5333137323202719,0.65,-1,-1,"[72, 99, 38, 21, 34]","[94, 17, 28, 62, 64]"
1765529786,8283543442,SKIP,0.47947263931149,0.52052736068851,0.52052736068851,0.65,-1,-1,"[18, 114, 55, 100, 75]","[10, 19, 78, 40, 85]"
1765529786,8321282386,SKIP,0.5808574389186131,0.4191425610813869,0.5808574389186131,0.65,-1,-1,"[23, 13, 85, 138, 68]","[18, 106, 129, 119, 57]"
1765529786,8189005792,SKIP,0.511432189946637,0.488567810053363,0.511432189946637,0.65,-1,-1,"[63, 52, 55, 100, 58]","[95, 106, 120, 123, 102]"
1765529786,8053438717,SKIP,0.5968643105983671,0.4031356894016329,0.5968643105983671,0.65,-1,-1,"[97, 74, 33, 136, 31]","[10, 107, 60, 26, 100]"
1765529786,7896681967,SKIP,0.5119148944602517,0.48808510553974827,0.5119148944602517,0.65,-1,-1,"[21, 7, 96, 33, 58]","[25, 106, 78, 65, 83]"
1765529786,8082223614,SKIP,0.44447014523569406,0.5555298547643059,0.5555298547643059,0.65,-1,-1,"[7, 13, 135, 86, 111]","[70, 97, 77, 121, 31]"
1765529786,8146921395,SKIP,0.555434840021597,0.44456515997840296,0.555434840021597,0.65,-1,-1,"[95, 107, 38, 97, 31]","[44, 19, 55, 65, 45]"
1765529786,8032016424,SKIP,0.3782613872773555,0.6217386127226445,0.6217386127226445,0.65,-1,-1,"[73, 49, 137, 86, 45]","[10, 97, 38, 138, 100]"
1765529786,8128069781,SKIP,0.6071186279034307,0.39288137209656926,0.6071186279034307,0.65,-1,-1,"[72, 97, 60, 65, 51]","[18, 25, 38, 119, 84]"
1765529786,8189233392,SKIP,0.6011040034265435,0.39889599657345653,0.6011040034265435,0.65,-1,-1,"[89, 15, 55, 65, 87]","[54, 17, 16, 105, 58]"
1765529786,8292000240,SKIP,0.5027800434356077,0.49721995656439233,0.5027800434356077,0.65,-1,-1,"[42, 35, 28, 131, 75]","[94, 17, 16, 100, 37]"
1765529786,8365211162,SKIP,0.5765460048039281,0.42345399519607185,0.5765460048039281,0.65,-1,-1,"[95, 17, 39, 100, 110]","[54, 106, 23, 136, 53]"
1765529786,8350860469,SKIP,0.5605647329211896,0.4394352670788104,0.5605647329211896,0.65,-1,-1,"[46, 13, 77, 27, 3]","[53, 49, 78, 131, 75]"
1765529786,8143150050,SKIP,0.5817681049690996,0.4182318950309004,0.5817681049690996,0.65,-1,-1,"[53, 19, 137, 138, 31]","[99, 114, 33, 26, 79]"
1765529787,8177204008,SKIP,0.5370509792097576,0.46294902079024236,0.5370509792097576,0.65,-1,-1,"[19, 106, 104, 90, 103]","[44, 120, 137, 88, 22]"
1765529787,8132419022,SKIP,0.49568996555905864,0.5043100344409414,0.5043100344409414,0.65,-1,-1,"[99, 106, 98, 65, 51]","[49, 17, 28, 123, 110]"
1765529787,7772210802,SKIP,0.5889697161506429,0.41103028384935714,0.5889697161506429,0.65,-1,-1,"[11, 126, 104, 86, 5]","[95, 98, 16, 119, 40]"
1765529787,8017189664,SKIP,0.594071201766063,0.405928798233937,0.594071201766063,0.65,-1,-1,"[48, 39, 16, 123, 110]","[49, 106, 120, 138, 58]"
1765529787,8221887706,SKIP,0.4862294571784868,0.5137705428215131,0.5137705428215131,0.65,-1,-1,"[54, 49, 120, 138, 75]","[44, 106, 50, 100, 85]"
1765529787,8331587836,SKIP,0.5697712125067002,0.43022878749329985,0.5697712125067002,0.65,-1,-1,"[57, 106, 135, 53, 68]","[70, 98, 108, 27, 85]"
1765529787,8241299974,SKIP,0.5353188041508923,0.4646811958491077,0.5353188041508923,0.65,-1,-1,"[89, 34, 129, 27, 100]","[72, 106, 77, 62, 45]"
1765529787,8131620804,SKIP,0.5003029374810463,0.49969706251895374,0.5003029374810463,0.65,-1,-1,"[44, 19, 110, 26, 85]","[63, 106, 69, 128, 84]"
1765529787,8127324940,SKIP,0.4598249163541144,0.5401750836458856,0.5401750836458856,0.65,-1,-1,"[72, 74, 137, 110, 51]","[1, 114, 60, 136, 58]"
1765529787,7873460520,SKIP,0.5875737530580912,0.41242624694190877,0.5875737530580912,0.65,-1,-1,"[114, 11, 55, 71, 86]","[49, 53, 15, 88, 128]"
1765529787,8014584231,SKIP,0.5910354582706904,0.4089645417293096,0.5910354582706904,0.65,-1,-1,"[15, 17, 33, 88, 31]","[18, 16, 135, 123, 66]"
1765529787,8248530350,SKIP,0.4882449680597814,0.5117550319402187,0.5117550319402187,0.65,-1,-1,"[72, 17, 33, 19, 75]","[46, 23, 16, 90, 112]"
1765529787,8325201582,SKIP,0.5897148080136694,0.4102851919863306,0.5897148080136694,0.65,-1,-1,"[102, 43, 33, 65, 87]","[69, 25, 120, 119, 27]"
1765529787,8308660088,SKIP,0.46259535769368765,0.5374046423063124,0.5374046423063124,0.65,-1,-1,"[6, 19, 96, 27, 131]","[102, 120, 99, 119, 68]"
1765529788,8336928219,SKIP,0.6082001423491362,0.3917998576508638,0.6082001423491362,0.65,-1,-1,"[114, 43, 120, 27, 131]","[23, 17, 96, 93, 111]"
1765529788,8242681802,SKIP,0.5567566751966231,0.4432433248033769,0.5567566751966231,0.65,-1,-1,"[72, 59, 29, 21, 64]","[44, 106, 55, 60, 131]"
1765529788,7972029054,SKIP,0.5390743557865811,0.46092564421341886,0.5390743557865811,0.65,-1,-1,"[95, 13, 98, 94, 79]","[72, 49, 60, 128, 87]"
1765529788,8007418942,SKIP,0.5405188233554239,0.4594811766445761,0.5405188233554239,0.65,-1,-1,"[49, 129, 137, 45, 119]","[94, 107, 99, 26, 103]"
1765529788,8219760265,SKIP,0.4919042895974709,0.5080957104025291,0.5080957104025291,0.65,-1,-1,"[70, 19, 41, 110, 5]","[93, 97, 102, 121, 34]"
1765529788,8127113492,SKIP,0.6162202892354132,0.38377971076458683,0.6162202892354132,0.65,-1,-1,"[4, 106, 69, 79, 22]","[7, 82, 77, 65, 45]"
1765529788,8262910219,SKIP,0.5206323200476642,0.47936767995233576,0.5206323200476642,0.65,-1,-1,"[109, 38, 135, 100, 37]","[44, 23, 78, 56, 138]"
1765529788,8443734872,SKIP,0.46303345233614046,0.5369665476638595,0.5369665476638595,0.65,-1,-1,"[39, 7, 129, 27, 85]","[102, 13, 38, 119, 101]"
1765529788,8207015157,SKIP,0.6273670763263511,0.37263292367364886,0.6273670763263511,0.65,-1,-1,"[94, 17, 99, 138, 100]","[49, 106, 109, 63, 110]"
1765529788,8003947693,SKIP,0.6002628519460206,0.3997371480539794,0.6002628519460206,0.65,-1,-1,"[94, 126, 129, 119, 45]","[73, 74, 23, 65, 5]"
1765529788,8292965033,SKIP,0.5454803926522138,0.4545196073477862,0.5454803926522138,0.65,-1,-1,"[54, 49, 33, 93, 64]","[53, 19, 97, 131, 68]"
1765529788,8165287401,SKIP,0.48761221725183274,0.5123877827481673,0.5123877827481673,0.65,-1,-1,"[15, 49, 60, 138, 51]","[54, 19, 38, 88, 37]"
1765529788,8332175361,SKIP,0.5953502335568244,0.40464976644317563,0.5953502335568244,0.65,-1,-1,"[18, 126, 99, 27, 3]","[94, 13, 23, 79, 65]"
1765529788,8181185346,SKIP,0.5600998379399987,0.43990016206000127,0.5600998379399987,0.65,-1,-1,"[109, 120, 38, 119, 37]","[14, 106, 102, 138, 91]"
1765529789,8132705996,SKIP,0.5038716208656527,0.49612837913434726,0.5038716208656527,0.65,-1,-1,"[46, 7, 60, 79, 103]","[89, 120, 99, 27, 58]"
1765529789,8196288391,SKIP,0.4750538386711093,0.5249461613288907,0.5249461613288907,0.65,-1,-1,"[44, 13, 55, 100, 105]","[97, 99, 102, 63, 64]"
1765529789,7975646156,SKIP,0.5037124753704619,0.49628752462953807,0.5037124753704619,0.65,-1,-1,"[94, 7, 96, 128, 57]","[48, 98, 69, 86, 89]"
1765529789,8041180294,SKIP,0.5343421684436123,0.46565783155638774,0.5343421684436123,0.65,-1,-1,"[73, 35, 129, 138, 45]","[14, 17, 99, 51, 88]"
1765529789,8520038824,SKIP,0.490310936534628,0.509689063465372,0.509689063465372,0.65,-1,-1,"[18, 39, 14, 123, 45]","[8, 17, 96, 87, 89]"
1765529789,8328904851,SKIP,0.4823912660384717,0.5176087339615283,0.5176087339615283,0.65,-1,-1,"[99, 126, 96, 51, 87]","[6, 17, 102, 27, 37]"
1765529789,8117202747,SKIP,0.47876128743522867,0.5212387125647713,0.5212387125647713,0.65,-1,-1,"[135, 19, 38, 119, 84]","[72, 74, 96, 22, 51]"
1765529789,8331483228,SKIP,0.6021738675905033,0.3978261324094967,0.6021738675905033,0.65,-1,-1,"[46, 13, 78, 119, 68]","[109, 126, 23, 87, 53]"
1765529789,7774845853,SKIP,0.5830904602652254,0.4169095397347746,0.5830904602652254,0.65,-1,-1,"[94, 22, 2, 51, 110]","[70, 126, 69, 119, 87]"
1765529789,7820597312,SKIP,0.6443793464505324,0.3556206535494676,0.6443793464505324,0.65,-1,-1,"[63, 21, 38, 119, 65]","[114, 120, 78, 86, 87]"
1765529789,8308763891,SKIP,0.5299338900241561,0.47006610997584386,0.5299338900241561,0.65,-1,-1,"[10, 76, 120, 27, 66]","[41, 19, 96, 4, 131]"
1765529789,7824205690,SKIP,0.602899852020961,0.39710014797903903,0.602899852020961,0.65,-1,-1,"[70, 74, 98, 65, 58]","[20, 126, 55, 88, 64]"
1765529789,8467755296,SKIP,0.5404369275403699,0.45956307245963013,0.5404369275403699,0.65,-1,-1,"[102, 106, 77, 13, 87]","[18, 120, 129, 128, 37]"
1765529789,8358293267,SKIP,0.5318294131314588,0.4681705868685412,0.5318294131314588,0.65,-1,-1,"[11, 106, 2, 52, 84]","[46, 120, 20, 97, 66]"
1765529789,8049919919,SKIP,0.6330471858712472,0.3669528141287528,0.6330471858712472,0.65,-1,-1,"[61, 107, 135, 65, 111]","[73, 74, 69, 7, 51]"
1765529790,7813947955,SKIP,0.4892627609005848,0.5107372390994152,0.5107372390994152,0.65,-1,-1,"[18, 25, 15, 100, 87]","[6, 11, 96, 123, 84]"
1765529790,7795622405,SKIP,0.5052579638534267,0.4947420361465733,0.5052579638534267,0.65,-1,-1,"[93, 21, 38, 119, 51]","[102, 11, 29, 19, 65]"
1765529790,8132090720,SKIP,0.6328435175347282,0.36715648246527177,0.6328435175347282,0.65,-1,-1,"[70, 107, 55, 100, 79]","[72, 74, 98, 138, 51]"
1765529790,8311549729,SKIP,0.40348635833440144,0.5965136416655985,0.5965136416655985,0.65,-1,-1,"[23, 43, 33, 45, 3]","[15, 114, 77, 93, 27]"
1765529790,8138566223,SKIP,0.5464905457082416,0.4535094542917584,0.5464905457082416,0.65,-1,-1,"[44, 120, 97, 138, 5]","[10, 19, 38, 79, 31]"
1765529790,7878268775,SKIP,0.4471057285524028,0.5528942714475972,0.5528942714475972,0.65,-1,-1,"[95, 120, 108, 86, 103]","[15, 17, 137, 111, 64]"
1765529790,8028916514,SKIP,0.47070826097567,0.52929173902433,0.52929173902433,0.65,-1,-1,"[73, 16, 98, 58, 26]","[49, 74, 135, 100, 3]"
1765529790,8531446506,SKIP,0.5122145949877106,0.4877854050122894,0.5122145949877106,0.65,-1,-1,"[109, 126, 14, 131, 87]","[4, 120, 77, 58, 3]"
1765529790,8286655511,SKIP,0.4776779959516379,0.522322004048362,0.522322004048362,0.65,-1,-1,"[44, 52, 69, 131, 37]","[109, 114, 29, 21, 99]"
1765529790,8234148054,SKIP,0.5937442702314225,0.4062557297685775,0.5937442702314225,0.65,-1,-1,"[95, 17, 96, 27, 37]","[44, 120, 38, 90, 5]"
1765529790,8335960597,SKIP,0.4614825730149886,0.5385174269850115,0.5385174269850115,0.65,-1,-1,"[109, 98, 120, 86, 37]","[48, 17, 69, 27, 53]"
1765529790,8205206446,SKIP,0.6199096038476375,0.3800903961523625,0.6199096038476375,0.65,-1,-1,"[18, 59, 137, 7, 34]","[38, 53, 120, 62, 79]"
1765529790,7918628595,SKIP,0.528123823105396,0.47187617689460404,0.528123823105396,0.65,-1,-1,"[10, 25, 38, 123, 73]","[94, 86, 96, 79, 136]"
1765529790,8133119789,SKIP,0.5695521516396786,0.43044784836032135,0.5695521516396786,0.65,-1,-1,"[54, 19, 97, 119, 66]","[46, 7, 2, 123, 58]"
1765529791,8248046910,SKIP,0.5148078653123465,0.48519213468765354,0.5148078653123465,0.65,-1,-1,"[109, 19, 97, 90, 5]","[53, 17, 29, 100, 68]"
1765529791,8001042470,SKIP,0.4655112471344784,0.5344887528655216,0.5344887528655216,0.65,-1,-1,"[15, 17, 60, 128, 30]","[73, 59, 138, 69, 45]"
1765529791,8044158206,SKIP,0.5002884675324647,0.4997115324675353,0.5002884675324647,0.65,-1,-1,"[73, 126, 97, 119, 68]","[49, 13, 137, 26, 58]"
1765529791,7859025998,SKIP,0.571019952193393,0.42898004780660703,0.571019952193393,0.65,-1,-1,"[61, 19, 29, 123, 18]","[95, 49, 78, 128, 66]"
1765529791,8181420740,SKIP,0.5603528545797928,0.4396471454202072,0.5603528545797928,0.65,-1,-1,"[44, 59, 38, 9, 37]","[95, 6, 19, 93, 64]"
1765529791,8464447591,SKIP,0.6228460321532365,0.37715396784676347,0.6228460321532365,0.65,-1,-1,"[46, 106, 129, 128, 37]","[18, 39, 108, 100, 87]"
1765529791,8447028829,SKIP,0.521580269505633,0.47841973049436703,0.521580269505633,0.65,-1,-1,"[10, 126, 129, 87, 131]","[54, 7, 99, 21, 3]"
1765529791,8360772527,SKIP,0.5088076187613373,0.4911923812386627,0.5088076187613373,0.65,-1,-1,"[10, 17, 120, 27, 65]","[109, 39, 96, 52, 9]"
1765529791,8247397898,SKIP,0.5000470227275642,0.4999529772724358,0.5000470227275642,0.65,-1,-1,"[46, 49, 55, 60, 3]","[44, 23, 77, 21, 37]"
1765529791,8117767131,SKIP,0.4071672412019876,0.5928327587980124,0.5928327587980124,0.65,-1,-1,"[67, 74, 96, 138, 51]","[46, 35, 135, 65, 89]"
1765529791,8328071759,SKIP,0.6159587798986128,0.3840412201013872,0.6159587798986128,0.65,-1,-1,"[70, 17, 135, 119, 53]","[109, 13, 137, 128, 100]"
1765529791,7899350430,SKIP,0.4724564660775348,0.5275435339224652,0.5275435339224652,0.65,-1,-1,"[21, 19, 98, 79, 86]","[11, 106, 55, 123, 58]"
1765529791,7763210617,SKIP,0.43314690138621065,0.5668530986137894,0.5668530986137894,0.65,-1,-1,"[18, 52, 55, 86, 111]","[70, 17, 96, 128, 110]"
1765529791,7830156602,SKIP,0.45080036990494465,0.5491996300950553,0.5491996300950553,0.65,-1,-1,"[136, 106, 108, 123, 63]","[18, 19, 55, 51, 58]"
1765529791,8239502908,SKIP,0.40401959873140725,0.5959804012685928,0.5959804012685928,0.65,-1,-1,"[72, 23, 97, 79, 37]","[18, 38, 50, 60, 131]"
1765529792,8007367219,SKIP,0.61555761551369,0.38444238448630996,0.61555761551369,0.65,-1,-1,"[73, 107, 38, 26, 57]","[48, 17, 108, 138, 103]"
1765529792,7843381270,SKIP,0.5280955940381286,0.47190440596187144,0.5280955940381286,0.65,-1,-1,"[81, 22, 129, 123, 103]","[21, 126, 38, 128, 66]"
1765529792,8386470707,SKIP,0.4795682616918342,0.5204317383081658,0.5204317383081658,0.65,-1,-1,"[135, 13, 102, 3, 100]","[99, 106, 77, 27, 45]"
1765529792,8142883565,SKIP,0.5357014002845361,0.46429859971546394,0.5357014002845361,0.65,-1,-1,"[94, 98, 77, 123, 87]","[67, 17, 7, 90, 22]"
1765529792,8116587070,SKIP,0.5589120747115252,0.44108792528847485,0.5589120747115252,0.65,-1,-1,"[93, 74, 29, 97, 31]","[49, 59, 120, 65, 45]"
1765529792,7907749342,SKIP,0.6228537224419733,0.37714627755802665,0.6228537224419733,0.65,-1,-1,"[10, 14, 69, 119, 89]","[18, 53, 16, 121, 79]"
1765529792,8274308724,SKIP,0.6056087557464934,0.3943912442535066,0.6056087557464934,0.65,-1,-1,"[48, 120, 99, 100, 121]","[44, 39, 129, 27, 68]"
1765529792,8229033507,SKIP,0.4674760355329785,0.5325239644670214,0.5325239644670214,0.65,-1,-1,"[19, 35, 96, 21, 75]","[114, 49, 99, 63, 5]"
1765529792,8293654347,SKIP,0.602268557682047,0.397731442317953,0.602268557682047,0.65,-1,-1,"[53, 13, 78, 65, 75]","[46, 49, 55, 100, 30]"
1765529792,8172894988,SKIP,0.47347912055126756,0.5265208794487324,0.5265208794487324,0.65,-1,-1,"[46, 19, 102, 91, 87]","[44, 107, 98, 51, 79]"
1765529792,8320003606,SKIP,0.5289031321450831,0.4710968678549169,0.5289031321450831,0.65,-1,-1,"[70, 98, 109, 27, 111]","[93, 17, 96, 119, 53]"
1765529792,8058358558,SKIP,0.6190156860790531,0.3809843139209469,0.6190156860790531,0.65,-1,-1,"[97, 15, 129, 26, 110]","[49, 25, 96, 138, 79]"
1765529792,8357451478,SKIP,0.6089936761324724,0.39100632386752765,0.6089936761324724,0.65,-1,-1,"[33, 13, 72, 100, 3]","[96, 11, 23, 89, 65]"
1765529792,8212525165,SKIP,0.48045026209716396,0.519549737902836,0.519549737902836,0.65,-1,-1,"[136, 13, 16, 60, 91]","[70, 106, 102, 9, 64]"
1765529793,8240403553,SKIP,0.505170110135992,0.494829889864008,0.505170110135992,0.65,-1,-1,"[18, 23, 55, 21, 37]","[54, 28, 38, 60, 64]"
1765529793,8212611306,SKIP,0.49710412879040006,0.5028958712095999,0.5028958712095999,0.65,-1,-1,"[44, 13, 29, 7, 64]","[73, 50, 55, 60, 131]"
1765529793,8519354963,SKIP,0.5824041665618375,0.41759583343816253,0.5824041665618375,0.65,-1,-1,"[109, 53, 96, 126, 5]","[21, 106, 136, 123, 89]"
1765529793,8323187386,SKIP,0.5274533864073422,0.4725466135926578,0.5274533864073422,0.65,-1,-1,"[109, 17, 135, 21, 75]","[94, 19, 85, 27, 64]"
1765529793,8117783112,SKIP,0.6283520258849441,0.3716479741150559,0.6283520258849441,0.65,-1,-1,"[46, 47, 129, 88, 85]","[67, 19, 99, 138, 31]"
1765529793,7819560777,SKIP,0.6094017863487341,0.3905982136512659,0.6094017863487341,0.65,-1,-1,"[108, 52, 81, 51, 110]","[114, 106, 96, 73, 87]"
1765529793,8092542153,SKIP,0.5697369177229576,0.43026308227704235,0.5697369177229576,0.65,-1,-1,"[109, 7, 137, 26, 66]","[72, 74, 135, 88, 103]"
1765529793,8326229239,SKIP,0.6246392103574806,0.3753607896425194,0.6246392103574806,0.65,-1,-1,"[6, 17, 99, 100, 79]","[94, 120, 97, 138, 85]"
1765529793,7965040702,SKIP,0.6221179133472838,0.37788208665271616,0.6221179133472838,0.65,-1,-1,"[99, 74, 23, 119, 79]","[9, 19, 47, 96, 58]"
1765529793,8125948365,SKIP,0.4674895152976693,0.5325104847023308,0.5325104847023308,0.65,-1,-1,"[82, 25, 88, 96, 37]","[46, 35, 129, 97, 26]"
1765529793,8088763208,SKIP,0.5434730508494421,0.4565269491505579,0.5434730508494421,0.65,-1,-1,"[63, 74, 98, 88, 31]","[93, 35, 38, 100, 66]"
1765529793,8049748618,SKIP,0.5571128747361527,0.4428871252638473,0.5571128747361527,0.65,-1,-1,"[10, 13, 108, 88, 100]","[67, 126, 16, 65, 58]"
1765529793,8290815876,SKIP,0.44302272364050654,0.5569772763594935,0.5569772763594935,0.65,-1,-1,"[70, 19, 99, 21, 75]","[32, 114, 29, 64, 68]"
1765529793,8392339200,SKIP,0.5319536143588414,0.46804638564115864,0.5319536143588414,0.65,-1,-1,"[136, 126, 2, 65, 58]","[114, 13, 57, 26, 37]"
1765529794,7828436630,SKIP,0.6150479541388709,0.3849520458611291,0.6150479541388709,0.65,-1,-1,"[95, 106, 29, 86, 110]","[138, 11, 38, 128, 5]"
1765529794,8193365045,SKIP,0.5342351307515326,0.4657648692484674,0.5342351307515326,0.65,-1,-1,"[70, 35, 99, 100, 37]","[18, 52, 129, 65, 64]"
1765529794,7961934324,SKIP,0.5181887508705078,0.48181124912949225,0.5181887508705078,0.65,-1,-1,"[49, 59, 120, 35, 5]","[9, 107, 10, 123, 89]"
1765529794,7765197119,SKIP,0.47056888381084433,0.5294311161891556,0.5294311161891556,0.65,-1,-1,"[19, 15, 108, 86, 84]","[82, 49, 78, 121, 40]"
1765529794,8000736705,SKIP,0.5888399500883885,0.4111600499116115,0.5888399500883885,0.65,-1,-1,"[11, 126, 99, 62, 72]","[49, 74, 33, 26, 58]"
1765529794,8074371738,SKIP,0.5038877221440501,0.4961122778559499,0.5038877221440501,0.65,-1,-1,"[10, 15, 129, 97, 84]","[109, 74, 108, 86, 128]"
1765529794,7788515443,SKIP,0.5211224393839842,0.47887756061601583,0.5211224393839842,0.65,-1,-1,"[81, 86, 55, 71, 91]","[20, 19, 78, 123, 83]"
1765529794,8240603293,SKIP,0.6410046478272494,0.3589953521727506,0.6410046478272494,0.65,-1,-1,"[44, 13, 137, 131, 37]","[18, 39, 99, 62, 27]"
1765529794,7822631907,SKIP,0.6318927617916443,0.36810723820835567,0.6318927617916443,0.65,-1,-1,"[109, 49, 55, 88, 79]","[61, 106, 98, 26, 58]"
1765529794,8248293249,SKIP,0.595869646660147,0.40413035333985303,0.595869646660147,0.65,-1,-1,"[82, 19, 33, 60, 131]","[46, 17, 77, 100, 90]"
1765529794,8331401657,SKIP,0.5444850322962574,0.45551496770374256,0.5444850322962574,0.65,-1,-1,"[18, 17, 55, 32, 37]","[19, 90, 99, 27, 111]"
1765529794,8220827579,SKIP,0.5050670538640187,0.49493294613598127,0.5050670538640187,0.65,-1,-1,"[6, 43, 2, 63, 100]","[102, 49, 120, 119, 64]"
1765529794,7855917471,SKIP,0.5663527001400375,0.43364729985996253,0.5663527001400375,0.65,-1,-1,"[114, 41, 38, 88, 64]","[81, 120, 93, 128, 63]"
1765529794,8177094101,SKIP,0.5791700384078452,0.4208299615921548,0.5791700384078452,0.65,-1,-1,"[102, 120, 33, 88, 22]","[54, 17, 137, 62, 37]"
1765529795,8298607930,SKIP,0.5219905892603984,0.47800941073960157,0.5219905892603984,0.65,-1,-1,"[135, 35, 29, 21, 75]","[46, 137, 96, 34, 100]"
1765529795,8172366876,SKIP,0.5752522048560059,0.4247477951439941,0.5752522048560059,0.65,-1,-1,"[77, 19, 135, 65, 37]","[97, 120, 50, 51, 110]"
1765529795,7818807468,SKIP,0.5673948641535778,0.43260513584642224,0.5673948641535778,0.65,-1,-1,"[70, 120, 98, 86, 87]","[81, 11, 55, 51, 65]"
1765529795,8449325870,SKIP,0.4378790007105452,0.5621209992894548,0.5621209992894548,0.65,-1,-1,"[18, 98, 69, 19, 45]","[95, 126, 135, 87, 22]"
1765529795,8262262487,SKIP,0.4210660848349046,0.5789339151650954,0.5789339151650954,0.65,-1,-1,"[19, 13, 136, 138, 64]","[46, 16, 99, 90, 131]"
1765529795,8077928766,SKIP,0.577481422275518,0.422518577724482,0.577481422275518,0.65,-1,-1,"[7, 120, 98, 65, 45]","[49, 74, 129, 79, 5]"
1765529795,8009881903,SKIP,0.5700350737941022,0.42996492620589777,0.5700350737941022,0.65,-1,-1,"[11, 23, 92, 65, 51]","[49, 107, 69, 138, 45]"
1765529795,7760622109,SKIP,0.6057389996021638,0.3942610003978362,0.6057389996021638,0.65,-1,-1,"[94, 49, 106, 105, 63]","[54, 52, 2, 71, 110]"
1765529795,8227597953,SKIP,0.551290422611752,0.448709577388248,0.551290422611752,0.65,-1,-1,"[97, 13, 98, 60, 75]","[109, 7, 29, 138, 5]"
1765529795,8314368342,SKIP,0.5636388437573133,0.4363611562426867,0.5636388437573133,0.65,-1,-1,"[25, 120, 98, 105, 3]","[6, 17, 23, 27, 85]"
1765529795,8162175754,SKIP,0.5899017970361048,0.4100982029638952,0.5899017970361048,0.65,-1,-1,"[73, 74, 33, 62, 37]","[46, 11, 102, 51, 65]"
1765529795,8198916184,SKIP,0.49086366203616144,0.5091363379638385,0.5091363379638385,0.65,-1,-1,"[114, 120, 38, 93, 64]","[54, 7, 137, 63, 37]"
1765529795,7911778393,SKIP,0.5201683341288809,0.47983166587111914,0.5201683341288809,0.65,-1,-1,"[63, 19, 96, 128, 103]","[81, 13, 129, 79, 64]"
1765529796,8123057291,SKIP,0.5737893034402421,0.42621069655975785,0.5737893034402421,0.65,-1,-1,"[54, 7, 38, 79, 31]","[109, 107, 69, 138, 5]"
1765529796,7965134774,SKIP,0.5943619053274037,0.40563809467259626,0.5943619053274037,0.65,-1,-1,"[48, 13, 104, 35, 57]","[99, 19, 98, 119, 30]"
1765529796,7768496106,SKIP,0.5533390192095556,0.44666098079044436,0.5533390192095556,0.65,-1,-1,"[11, 126, 78, 123, 65]","[72, 90, 92, 19, 51]"
1765529796,8296442421,SKIP,0.4390067230730839,0.5609932769269161,0.5609932769269161,0.65,-1,-1,"[94, 23, 65, 60, 64]","[46, 99, 96, 131, 27]"
1765529796,8347019094,SKIP,0.6395424669718321,0.36045753302816785,0.6395424669718321,0.65,-1,-1,"[72, 28, 135, 27, 100]","[54, 13, 2, 119, 43]"
1765529796,8127422269,SKIP,0.5634683920869853,0.4365316079130147,0.5634683920869853,0.65,-1,-1,"[49, 74, 137, 27, 66]","[114, 107, 98, 65, 110]"
1765529796,8247113764,SKIP,0.5947918027838652,0.40520819721613477,0.5947918027838652,0.65,-1,-1,"[114, 76, 28, 100, 34]","[70, 17, 92, 62, 64]"
1765529796,7896906687,SKIP,0.5363107750182984,0.4636892249817016,0.5363107750182984,0.65,-1,-1,"[70, 39, 38, 27, 34]","[72, 13, 137, 110, 136]"
1765529796,7916359108,SKIP,0.6422800261222242,0.35771997387777577,0.6422800261222242,0.65,-1,-1,"[10, 114, 9, 136, 121]","[49, 137, 129, 105, 110]"
1765529796,8303157854,SKIP,0.5445344856092897,0.45546551439071026,0.5445344856092897,0.65,-1,-1,"[72, 120, 47, 27, 102]","[15, 38, 99, 131, 64]"
1765529796,8213279829,SKIP,0.565333236722909,0.434666763277091,0.565333236722909,0.65,-1,-1,"[19, 39, 109, 79, 64]","[44, 17, 120, 27, 75]"
1765529796,7806303957,SKIP,0.5528450276229633,0.4471549723770367,0.5528450276229633,0.65,-1,-1,"[81, 126, 50, 14, 5]","[63, 21, 120, 19, 83]"
1765529796,7793587336,SKIP,0.4826003441797819,0.5173996558202181,0.5173996558202181,0.65,-1,-1,"[21, 28, 78, 123, 91]","[95, 107, 55, 71, 30]"
