wr_level,minute,count,avg_target_networth_diff,avg_target_networth_diff_raw,median_target_networth_diff,median_target_networth_diff_raw,min_target_networth_diff,max_target_networth_diff
60,20,83,-3569.63,-3569.63,-2958.0,-2958.0,-16269.0,-64.0
60,21,82,-3779.96,-3779.96,-2961.0,-2961.0,-18742.0,-47.0
60,22,75,-4129.48,-4129.48,-3108.0,-3108.0,-21136.0,-45.0
60,23,68,-4502.32,-4502.32,-3977.5,-3977.5,-18999.0,-202.0
60,24,68,-4799.9,-4799.9,-3977.5,-3608.5,-20691.0,-14.0
60,25,64,-5148.47,-5148.47,-3977.5,-3656.0,-20543.0,-36.0
60,26,61,-5148.47,-4864.52,-3977.5,-3465.0,-20721.0,-75.0
60,27,52,-5686.58,-5686.58,-4447.0,-4447.0,-21359.0,-42.0
60,28,53,-6033.3,-6033.3,-4977.0,-4977.0,-19479.0,-164.0
60,29,50,-6034.58,-6034.58,-4977.0,-4647.5,-17368.0,-12.0
60,30,48,-6297.94,-6297.94,-4977.0,-4707.0,-19499.0,-363.0
60,31,46,-6297.94,-5975.17,-4977.0,-3694.0,-20963.0,-440.0
60,32,46,-6297.94,-5717.93,-4977.0,-4685.0,-22046.0,-10.0
60,33,45,-6297.94,-5965.67,-5020.0,-5020.0,-20904.0,-342.0
60,34,40,-6653.73,-6653.73,-5780.5,-5780.5,-24689.0,-508.0
60,35,39,-6737.03,-6737.03,-5780.5,-5171.0,-25038.0,-203.0
60,36,44,-6737.03,-6186.8,-5780.5,-4295.0,-25016.0,-135.0
60,37,38,-6737.03,-6088.03,-5780.5,-3878.0,-22114.0,-89.0
60,38,35,-6737.03,-6570.0,-5780.5,-4176.0,-22396.0,-84.0
60,39,32,-6784.38,-6784.38,-5780.5,-4659.5,-21371.0,-161.0
60,40,34,-6784.38,-5944.76,-5780.5,-3354.5,-22433.0,-149.0
60,41,32,-6784.38,-6211.47,-5780.5,-4791.5,-19664.0,-254.0
60,42,27,-7458.33,-7458.33,-7283.0,-7283.0,-19716.0,-364.0
60,43,22,-7481.95,-7481.95,-7283.0,-6629.0,-20157.0,-272.0
60,44,22,-7503.64,-7503.64,-7283.0,-7182.0,-19505.0,-704.0
60,45,21,-7781.24,-7781.24,-7283.0,-6780.0,-20247.0,-472.0
60,46,18,-8754.83,-8754.83,-8426.5,-8426.5,-18465.0,-175.0
60,47,16,-8754.83,-8190.75,-8426.5,-4217.5,-21236.0,-147.0
60,48,13,-10558.31,-10558.31,-10042.0,-10042.0,-22941.0,-643.0
60,49,12,-12389.5,-12389.5,-12496.5,-12496.5,-23485.0,-2232.0
60,50,11,-12398.09,-12398.09,-12496.5,-11217.0,-25364.0,-3415.0
60,51,9,-13007.11,-13007.11,-12764.0,-12764.0,-30446.0,-2215.0
60,52,9,-14442.78,-14442.78,-14272.0,-14272.0,-25906.0,-5550.0
60,53,10,-14442.78,-10719.0,-14272.0,-6704.5,-25878.0,-3054.0
60,54,9,-14442.78,-10418.67,-14272.0,-10491.0,-25189.0,-2534.0
60,55,8,-14442.78,-11174.0,-14272.0,-10318.5,-29759.0,-4067.0
60,56,9,-14442.78,-8439.33,-14272.0,-4416.0,-28112.0,-2536.0
60,57,7,-14442.78,-9434.14,-14272.0,-8130.0,-20562.0,-1014.0
65,20,286,-3565.42,-3565.42,-2803.5,-2803.5,-16517.0,-2.0
65,21,287,-3746.38,-3746.38,-3029.0,-3029.0,-18699.0,-18.0
65,22,270,-4128.01,-4128.01,-3543.5,-3543.5,-16890.0,-43.0
65,23,250,-4357.32,-4357.32,-3543.5,-3541.5,-15419.0,-31.0
65,24,257,-4417.08,-4417.08,-3543.5,-3517.0,-18448.0,-7.0
65,25,244,-4632.95,-4632.95,-3915.5,-3915.5,-19696.0,-13.0
65,26,234,-4950.09,-4950.09,-4075.0,-4075.0,-19585.0,-27.0
65,27,227,-5203.89,-5203.89,-4122.0,-4122.0,-19817.0,-15.0
65,28,231,-5203.89,-4981.29,-4122.0,-3960.0,-22352.0,-12.0
65,29,229,-5260.06,-5260.06,-4122.0,-4113.0,-21777.0,-55.0
65,30,217,-5260.06,-5243.65,-4377.0,-4377.0,-20592.0,-24.0
65,31,200,-5661.05,-5661.05,-4951.5,-4951.5,-23713.0,-55.0
65,32,194,-5820.06,-5820.06,-5107.0,-5107.0,-25405.0,-27.0
65,33,181,-6094.2,-6094.2,-5202.0,-5202.0,-19038.0,-21.0
65,34,164,-6520.09,-6520.09,-5357.5,-5357.5,-22464.0,-36.0
65,35,164,-6520.09,-6457.34,-5357.5,-4894.0,-20030.0,-25.0
65,36,144,-6802.51,-6802.51,-5466.0,-5466.0,-21959.0,-20.0
65,37,134,-6802.51,-6621.28,-5658.5,-5658.5,-22112.0,-78.0
65,38,123,-6883.85,-6883.85,-5658.5,-5345.0,-23238.0,-49.0
65,39,117,-7274.52,-7274.52,-6804.0,-6804.0,-24153.0,-20.0
65,40,108,-7552.16,-7552.16,-6961.5,-6961.5,-23699.0,-120.0
65,41,108,-7552.16,-7187.1,-6961.5,-6463.5,-23910.0,-66.0
65,42,105,-7552.16,-7359.7,-6961.5,-6797.0,-23848.0,-127.0
65,43,93,-7552.16,-6942.73,-6961.5,-5815.0,-25295.0,-167.0
65,44,73,-8371.25,-8371.25,-7301.0,-7301.0,-25774.0,-158.0
65,45,64,-9022.33,-9022.33,-8216.5,-8216.5,-26899.0,-690.0
65,46,53,-10372.43,-10372.43,-9466.0,-9466.0,-28360.0,-545.0
65,47,53,-10372.43,-9679.11,-9466.0,-8754.0,-27077.0,-154.0
65,48,49,-10372.43,-10092.51,-9778.0,-9778.0,-28435.0,-364.0
65,49,42,-10424.1,-10424.1,-9778.0,-9515.5,-29118.0,-260.0
65,50,37,-10640.89,-10640.89,-9778.0,-8970.0,-29049.0,-297.0
65,51,35,-10640.89,-9674.46,-9778.0,-7841.0,-33025.0,-48.0
65,52,29,-11457.48,-11457.48,-10120.0,-10120.0,-35478.0,-713.0
65,53,26,-11457.48,-11382.08,-10644.0,-10644.0,-27942.0,-84.0
65,54,24,-11457.48,-11442.83,-10644.0,-9854.0,-28648.0,-468.0
65,55,20,-12858.95,-12858.95,-11394.0,-11394.0,-27871.0,-1939.0
65,56,17,-13186.65,-13186.65,-13028.0,-13028.0,-34267.0,-403.0
65,57,15,-13430.8,-13430.8,-13028.0,-11373.0,-35134.0,-1413.0
65,58,12,-14864.17,-14864.17,-13028.0,-12030.0,-39357.0,-433.0
65,59,13,-14864.17,-12970.0,-13028.0,-11585.0,-40106.0,-579.0
65,60,12,-14864.17,-14494.67,-13028.0,-10490.5,-42520.0,-3069.0
65,61,12,-14864.17,-13520.83,-13028.0,-8731.5,-44752.0,-840.0
65,62,11,-15456.73,-15456.73,-13942.0,-13942.0,-42391.0,-3103.0
65,63,12,-15456.73,-14688.75,-13942.0,-12685.0,-41628.0,-169.0
65,64,11,-15515.0,-15515.0,-13942.0,-13251.0,-40990.0,-4542.0
65,65,9,-15515.0,-13758.33,-14062.0,-14062.0,-46134.0,-163.0
65,66,6,-15515.0,-15505.33,-14062.0,-10632.0,-36858.0,-4217.0
70,20,319,-3778.94,-3778.94,-2976.0,-2976.0,-15924.0,-5.0
70,21,324,-3822.9,-3822.9,-3231.5,-3231.5,-18155.0,-22.0
70,22,308,-4394.17,-4394.17,-3442.5,-3442.5,-20522.0,-19.0
70,23,309,-4627.84,-4627.84,-3628.0,-3628.0,-21019.0,-25.0
70,24,296,-5024.14,-5024.14,-4152.5,-4152.5,-22992.0,-5.0
70,25,293,-5219.13,-5219.13,-4282.0,-4282.0,-18508.0,-11.0
70,26,280,-5494.59,-5494.59,-4506.0,-4506.0,-20037.0,-26.0
70,27,271,-5683.37,-5683.37,-4911.0,-4911.0,-20613.0,-2.0
70,28,268,-5820.42,-5820.42,-4911.0,-4785.0,-24853.0,-11.0
70,29,246,-6093.27,-6093.27,-4911.0,-4842.0,-22162.0,-16.0
70,30,229,-6578.94,-6578.94,-5758.0,-5758.0,-23853.0,-17.0
70,31,217,-6938.68,-6938.68,-6139.0,-6139.0,-24286.0,-10.0
70,32,214,-7088.99,-7088.99,-6139.0,-6091.5,-29196.0,-24.0
70,33,209,-7323.7,-7323.7,-6139.0,-5745.0,-25257.0,-75.0
70,34,205,-7367.61,-7367.61,-6139.0,-5791.0,-26118.0,-19.0
70,35,189,-7863.26,-7863.26,-6146.0,-6146.0,-26832.0,-266.0
70,36,178,-8150.25,-8150.25,-6620.5,-6620.5,-28792.0,-131.0
70,37,165,-8150.25,-8080.83,-6806.0,-6806.0,-27231.0,-106.0
70,38,163,-8150.25,-7784.21,-6895.0,-6895.0,-27445.0,-30.0
70,39,151,-8234.68,-8234.68,-7713.0,-7713.0,-24232.0,-34.0
70,40,137,-8667.0,-8667.0,-8450.0,-8450.0,-24608.0,-244.0
70,41,136,-8667.0,-8196.73,-8450.0,-7154.5,-29998.0,-128.0
70,42,124,-8667.0,-7786.34,-8450.0,-6492.5,-30163.0,-85.0
70,43,109,-8667.0,-8264.23,-8450.0,-7242.0,-30158.0,-185.0
70,44,110,-8667.0,-7878.57,-8450.0,-6364.0,-28246.0,-46.0
70,45,100,-8667.0,-8522.88,-8450.0,-6698.0,-26410.0,-137.0
70,46,89,-8667.0,-8512.74,-8450.0,-6882.0,-26770.0,-49.0
70,47,80,-8667.0,-8527.34,-8450.0,-6821.5,-26807.0,-167.0
70,48,76,-8667.0,-8637.16,-8450.0,-6895.5,-35333.0,-144.0
70,49,77,-8667.0,-8181.57,-8450.0,-6546.0,-32666.0,-75.0
70,50,62,-9384.56,-9384.56,-8450.0,-7601.5,-34143.0,-111.0
70,51,55,-9384.56,-9021.11,-8450.0,-7449.0,-35664.0,-547.0
70,52,47,-9570.28,-9570.28,-8450.0,-8094.0,-37111.0,-134.0
70,53,39,-9570.28,-7496.21,-8450.0,-5295.0,-38028.0,-68.0
70,54,25,-9901.92,-9901.92,-8586.0,-8586.0,-39558.0,-551.0
70,55,25,-9901.92,-9333.92,-8586.0,-7263.0,-43706.0,-40.0
70,56,21,-10765.29,-10765.29,-8586.0,-6734.0,-44747.0,-128.0
70,57,18,-10765.29,-9680.78,-8586.0,-6715.5,-45687.0,-1.0
70,58,17,-10765.29,-9640.12,-8586.0,-6689.0,-40785.0,-331.0
70,59,14,-11047.14,-11047.14,-9865.0,-9865.0,-32794.0,-536.0
70,60,14,-12322.86,-12322.86,-9865.0,-9787.5,-38339.0,-3347.0
70,61,11,-13361.91,-13361.91,-11435.0,-11435.0,-39216.0,-3171.0
70,62,11,-13361.91,-12050.36,-11435.0,-9662.0,-48410.0,-587.0
70,63,7,-15062.57,-15062.57,-11435.0,-10825.0,-52906.0,-712.0
70,64,8,-15062.57,-14689.38,-11435.0,-8515.5,-52813.0,-633.0
70,65,7,-15062.57,-13593.71,-11435.0,-3426.0,-52270.0,-18.0
70,66,6,-15332.5,-15332.5,-11435.0,-7535.5,-48825.0,-415.0
70,68,6,-19968.33,-19968.33,-21013.5,-21013.5,-46231.0,-605.0
75,20,517,-4107.11,-4107.11,-3621.0,-3621.0,-16419.0,-2.0
75,21,518,-4235.27,-4235.27,-3621.0,-3502.5,-19594.0,-33.0
75,22,502,-4626.08,-4626.08,-3721.0,-3721.0,-20908.0,-1.0
75,23,490,-4864.39,-4864.39,-4017.0,-4017.0,-24469.0,-3.0
75,24,481,-5019.5,-5019.5,-4304.0,-4304.0,-27768.0,-12.0
75,25,452,-5421.46,-5421.46,-4583.5,-4583.5,-31466.0,-6.0
75,26,439,-5680.53,-5680.53,-4636.0,-4636.0,-32467.0,-12.0
75,27,425,-5953.04,-5953.04,-4907.0,-4907.0,-33956.0,-16.0
75,28,424,-6030.46,-6030.46,-4907.0,-4903.0,-28653.0,-22.0
75,29,405,-6309.33,-6309.33,-5018.0,-5018.0,-31505.0,-6.0
75,30,385,-6560.42,-6560.42,-5536.0,-5536.0,-33070.0,-24.0
75,31,369,-6777.16,-6777.16,-5704.0,-5704.0,-34180.0,-25.0
75,32,362,-6845.64,-6845.64,-5704.0,-5576.5,-29217.0,-45.0
75,33,353,-6845.64,-6746.31,-5704.0,-5655.0,-28204.0,-3.0
75,34,329,-7091.25,-7091.25,-5960.0,-5960.0,-29212.0,-49.0
75,35,304,-7276.86,-7276.86,-6701.0,-6701.0,-32158.0,-77.0
75,36,276,-7347.08,-7347.08,-6701.0,-6240.5,-30499.0,-125.0
75,37,258,-7364.65,-7364.65,-6701.0,-6060.5,-30286.0,-115.0
75,38,242,-7364.65,-7342.94,-6701.0,-6361.5,-28398.0,-14.0
75,39,223,-7364.65,-7188.13,-6701.0,-6244.0,-27559.0,-47.0
75,40,204,-7414.59,-7414.59,-6701.0,-6406.0,-25170.0,-111.0
75,41,179,-8212.25,-8212.25,-7136.0,-7136.0,-31644.0,-134.0
75,42,168,-8470.21,-8470.21,-7191.0,-7191.0,-29463.0,-9.0
75,43,164,-8470.21,-8205.06,-7191.0,-7039.0,-24515.0,-27.0
75,44,147,-8470.21,-8196.46,-7900.0,-7900.0,-23278.0,-122.0
75,45,131,-8470.21,-7454.2,-7900.0,-6433.0,-26369.0,-123.0
75,46,112,-8470.21,-8188.79,-7931.0,-7931.0,-28418.0,-151.0
75,47,104,-8736.79,-8736.79,-8203.5,-8203.5,-21041.0,-304.0
75,48,98,-8736.79,-7944.19,-8203.5,-7021.0,-23590.0,-151.0
75,49,82,-8736.79,-8586.77,-8203.5,-6638.5,-27572.0,-52.0
75,50,79,-8736.79,-7512.92,-8203.5,-6039.0,-29128.0,-7.0
75,51,65,-8736.79,-7610.38,-8203.5,-5288.0,-30469.0,-489.0
75,52,57,-8736.79,-6970.44,-8203.5,-4908.0,-29465.0,-43.0
75,53,41,-8736.79,-7590.0,-8203.5,-6159.0,-29350.0,-102.0
75,54,34,-8736.79,-7900.15,-8203.5,-5507.5,-33922.0,-531.0
75,55,27,-8765.52,-8765.52,-8203.5,-4883.0,-36780.0,-483.0
75,56,25,-8765.52,-8260.4,-8203.5,-5031.0,-35080.0,-253.0
75,57,18,-10773.11,-10773.11,-8203.5,-7831.0,-35189.0,-851.0
75,58,17,-10773.11,-10559.35,-8203.5,-7185.0,-33517.0,-955.0
75,59,18,-10773.11,-9662.89,-8203.5,-3622.5,-34812.0,-127.0
75,60,12,-12253.25,-12253.25,-8203.5,-7653.5,-32641.0,-330.0
75,61,12,-12253.25,-11044.17,-8203.5,-6249.5,-29312.0,-1408.0
75,62,12,-12253.25,-9864.25,-8203.5,-7139.5,-29736.0,-425.0
75,63,8,-12253.25,-12211.38,-9951.5,-9951.5,-32293.0,-362.0
75,64,9,-12644.89,-12644.89,-15431.0,-15431.0,-25895.0,-141.0
75,65,7,-13650.14,-13650.14,-15431.0,-14888.0,-17685.0,-4483.0
80,20,410,-4177.55,-4177.55,-3695.0,-3695.0,-16459.0,-2.0
80,21,409,-4478.95,-4478.95,-3739.0,-3739.0,-15734.0,-8.0
80,22,403,-4785.01,-4785.01,-3857.0,-3857.0,-17743.0,-3.0
80,23,395,-5060.5,-5060.5,-4187.0,-4187.0,-19152.0,-6.0
80,24,380,-5454.88,-5454.88,-4803.0,-4803.0,-18896.0,-24.0
80,25,381,-5661.09,-5661.09,-4942.0,-4942.0,-19850.0,-10.0
80,26,380,-5767.01,-5767.01,-5219.0,-5219.0,-22262.0,-7.0
80,27,371,-5959.36,-5959.36,-5219.0,-5103.0,-25163.0,-42.0
80,28,353,-6101.01,-6101.01,-5219.0,-5161.0,-20472.0,-38.0
80,29,322,-6585.61,-6585.61,-5352.5,-5352.5,-23336.0,-2.0
80,30,311,-6737.85,-6737.85,-5607.0,-5607.0,-26536.0,-59.0
80,31,293,-7052.84,-7052.84,-6211.0,-6211.0,-32874.0,-8.0
80,32,286,-7248.99,-7248.99,-6211.0,-5684.0,-25971.0,-16.0
80,33,256,-7794.73,-7794.73,-6223.0,-6223.0,-26237.0,-29.0
80,34,241,-8227.81,-8227.81,-6890.0,-6890.0,-29748.0,-2.0
80,35,235,-8255.1,-8255.1,-7047.0,-7047.0,-35230.0,-11.0
80,36,222,-8255.1,-8245.87,-7339.0,-7339.0,-29910.0,-10.0
80,37,207,-8435.96,-8435.96,-7339.0,-6888.0,-32230.0,-107.0
80,38,201,-8435.96,-8358.76,-7339.0,-6635.0,-36793.0,-104.0
80,39,183,-8523.46,-8523.46,-7339.0,-7044.0,-42366.0,-99.0
80,40,171,-8523.46,-8102.88,-7339.0,-6868.0,-44442.0,-38.0
80,41,148,-8523.46,-8291.29,-7339.0,-6884.5,-36644.0,-86.0
80,42,134,-8672.33,-8672.33,-7892.0,-7892.0,-36732.0,-41.0
80,43,133,-8672.33,-8536.15,-7892.0,-7408.0,-37456.0,-6.0
80,44,115,-8758.81,-8758.81,-7892.0,-7372.0,-29309.0,-201.0
80,45,106,-8758.81,-8133.43,-7892.0,-7260.0,-28793.0,-31.0
80,46,95,-8758.81,-7788.13,-7892.0,-6595.0,-32366.0,-40.0
80,47,80,-8758.81,-7882.73,-7892.0,-6263.0,-34558.0,-31.0
80,48,69,-8758.81,-7784.35,-7892.0,-6106.0,-37866.0,-134.0
80,49,54,-9061.89,-9061.89,-7892.0,-7142.0,-38966.0,-217.0
80,50,48,-9061.89,-8523.6,-7892.0,-6459.0,-44591.0,-138.0
80,51,39,-10454.62,-10454.62,-9717.0,-9717.0,-40881.0,-168.0
80,52,31,-12987.58,-12987.58,-9975.0,-9975.0,-45768.0,-375.0
80,53,32,-12987.58,-11404.31,-9975.0,-9321.0,-43431.0,-15.0
80,54,31,-12987.58,-10381.35,-9975.0,-9065.0,-41403.0,-118.0
80,55,27,-12987.58,-10959.67,-9975.0,-8942.0,-34173.0,-626.0
80,56,24,-12987.58,-9349.88,-9975.0,-7624.0,-25038.0,-558.0
80,57,21,-12987.58,-10372.1,-9983.0,-9983.0,-22784.0,-1464.0
80,58,18,-12987.58,-10132.72,-11589.0,-11589.0,-23353.0,-230.0
80,59,16,-12987.58,-7666.56,-11589.0,-4932.0,-25568.0,-560.0
80,60,16,-12987.58,-6771.56,-11589.0,-4083.0,-25645.0,-214.0
80,61,13,-12987.58,-7803.31,-11589.0,-4447.0,-40247.0,-188.0
80,62,9,-12987.58,-6226.56,-11589.0,-5471.0,-17793.0,-1034.0
80,63,8,-12987.58,-7724.38,-11589.0,-6874.5,-21651.0,-1066.0
80,64,6,-12987.58,-8129.33,-11589.0,-8717.5,-11903.0,-1559.0
80,65,6,-12987.58,-7289.33,-11589.0,-6680.5,-13515.0,-2789.0
80,66,6,-12987.58,-8525.33,-11589.0,-4766.5,-22670.0,-21.0
85,20,90,-4246.89,-4246.89,-3840.5,-3840.5,-15418.0,-1.0
85,21,95,-4323.07,-4323.07,-3840.5,-3542.0,-15094.0,-261.0
85,22,99,-4642.34,-4642.34,-3840.5,-3803.0,-14760.0,-32.0
85,23,96,-4940.56,-4940.56,-4187.5,-4187.5,-16819.0,-134.0
85,24,88,-5482.62,-5482.62,-4943.5,-4943.5,-18561.0,-41.0
85,25,91,-5731.08,-5731.08,-5611.0,-5611.0,-16629.0,-58.0
85,26,91,-5816.87,-5816.87,-5676.0,-5676.0,-17365.0,-54.0
85,27,82,-6317.79,-6317.79,-5754.5,-5754.5,-16689.0,-157.0
85,28,82,-6562.62,-6562.62,-5908.5,-5908.5,-17391.0,-18.0
85,29,81,-6760.48,-6760.48,-5908.5,-5893.0,-18716.0,-189.0
85,30,81,-6760.48,-6719.12,-5908.5,-5590.0,-20718.0,-15.0
85,31,78,-6892.83,-6892.83,-5908.5,-5776.5,-23614.0,-12.0
85,32,70,-6938.67,-6938.67,-5908.5,-5727.0,-23618.0,-363.0
85,33,68,-6938.67,-6482.87,-5908.5,-5836.5,-18700.0,-167.0
85,34,67,-6938.67,-6735.9,-6544.0,-6544.0,-18985.0,-269.0
85,35,63,-7445.7,-7445.7,-7114.0,-7114.0,-21625.0,-144.0
85,36,62,-7445.7,-7096.69,-7114.0,-6271.5,-23468.0,-82.0
85,37,56,-7445.7,-7377.88,-7114.0,-7006.5,-21724.0,-515.0
85,38,51,-7445.7,-7215.53,-7114.0,-6019.0,-25341.0,-174.0
85,39,49,-7579.39,-7579.39,-7114.0,-6628.0,-28734.0,-213.0
85,40,47,-8223.4,-8223.4,-7256.0,-7256.0,-27500.0,-25.0
85,41,42,-8223.4,-8092.17,-7259.0,-7259.0,-27466.0,-511.0
85,42,37,-8223.4,-8035.57,-7259.0,-6615.0,-29536.0,-615.0
85,43,32,-8223.4,-7801.03,-7259.0,-6300.0,-27325.0,-258.0
85,44,28,-8223.4,-7882.43,-7259.0,-6312.0,-27224.0,-216.0
85,45,20,-8652.15,-8652.15,-7259.0,-6285.5,-25128.0,-171.0
85,46,15,-8652.15,-8438.0,-7836.0,-7836.0,-23762.0,-44.0
85,47,16,-8652.15,-7348.88,-7836.0,-4739.0,-23606.0,-1348.0
85,48,15,-8652.15,-7825.73,-7836.0,-7520.0,-21343.0,-678.0
85,49,14,-9214.71,-9214.71,-8152.0,-8152.0,-25217.0,-946.0
85,50,11,-9610.27,-9610.27,-8589.0,-8589.0,-24874.0,-2468.0
85,51,8,-12088.5,-12088.5,-10850.5,-10850.5,-25804.0,-2113.0
85,52,7,-12453.0,-12453.0,-14209.0,-14209.0,-18669.0,-3665.0
90,20,417,-4452.39,-4452.39,-3933.0,-3933.0,-15727.0,-4.0
90,21,412,-4858.74,-4858.74,-4110.0,-4110.0,-16255.0,-44.0
90,22,412,-5173.58,-5173.58,-4370.0,-4370.0,-16885.0,-30.0
90,23,413,-5485.51,-5485.51,-4441.0,-4441.0,-18869.0,-30.0
90,24,408,-5777.24,-5777.24,-4702.0,-4702.0,-19446.0,-9.0
90,25,402,-6111.72,-6111.72,-5120.5,-5120.5,-20252.0,-35.0
90,26,390,-6344.24,-6344.24,-5278.5,-5278.5,-21742.0,-1.0
90,27,376,-6502.52,-6502.52,-5479.0,-5479.0,-21614.0,-15.0
90,28,369,-6722.14,-6722.14,-5851.0,-5851.0,-23492.0,-44.0
90,29,361,-6919.37,-6919.37,-5884.0,-5884.0,-23478.0,-5.0
90,30,347,-7141.33,-7141.33,-6134.0,-6134.0,-22013.0,-32.0
90,31,338,-7316.64,-7316.64,-6284.5,-6284.5,-25611.0,-88.0
90,32,321,-7658.41,-7658.41,-6697.0,-6697.0,-24667.0,-55.0
90,33,309,-7658.41,-7607.33,-6697.0,-6425.0,-24929.0,-83.0
90,34,282,-8015.15,-8015.15,-6697.0,-6668.5,-26196.0,-16.0
90,35,275,-8138.32,-8138.32,-6860.0,-6860.0,-26828.0,-20.0
90,36,273,-8138.32,-7936.04,-6860.0,-6713.0,-25670.0,-16.0
90,37,243,-8514.21,-8514.21,-7247.0,-7247.0,-27075.0,-83.0
90,38,228,-8606.07,-8606.07,-7411.5,-7411.5,-27449.0,-71.0
90,39,214,-9144.63,-9144.63,-7921.0,-7921.0,-27631.0,-23.0
90,40,201,-9209.78,-9209.78,-8657.0,-8657.0,-30105.0,-48.0
90,41,183,-9560.33,-9560.33,-8921.0,-8921.0,-30696.0,-20.0
90,42,171,-9560.33,-9160.2,-8921.0,-8026.0,-29998.0,-49.0
90,43,157,-9560.33,-9349.87,-8921.0,-7975.0,-33720.0,-36.0
90,44,141,-10279.27,-10279.27,-9622.0,-9622.0,-29171.0,-329.0
90,45,130,-10279.27,-10219.53,-9824.0,-9824.0,-30224.0,-259.0
90,46,120,-10279.27,-10050.31,-9824.0,-8888.0,-31255.0,-95.0
90,47,110,-10279.27,-10067.03,-9824.0,-8048.0,-34561.0,-221.0
90,48,95,-10279.27,-9616.82,-9824.0,-7347.0,-36216.0,-215.0
90,49,91,-10279.27,-9246.69,-9824.0,-6920.0,-38205.0,-108.0
90,50,75,-10279.27,-9702.04,-9824.0,-7822.0,-39638.0,-444.0
90,51,66,-10279.27,-8896.29,-9824.0,-6764.5,-43015.0,-6.0
90,52,57,-10279.27,-9761.54,-9824.0,-7226.0,-45627.0,-99.0
90,53,48,-10279.27,-9946.5,-9824.0,-6985.0,-45649.0,-228.0
90,54,45,-10279.27,-10273.49,-9824.0,-6171.0,-49807.0,-1325.0
90,55,32,-13418.38,-13418.38,-9824.0,-9065.0,-45044.0,-1657.0
90,56,30,-13418.38,-12894.77,-10657.0,-10657.0,-41617.0,-140.0
90,57,23,-13959.09,-13959.09,-12512.0,-12512.0,-41128.0,-276.0
90,58,18,-14697.83,-14697.83,-12512.0,-11862.0,-39556.0,-561.0
90,59,16,-15428.75,-15428.75,-12512.0,-10712.5,-41796.0,-343.0
90,60,16,-15428.75,-14891.12,-12512.0,-11767.5,-39440.0,-1956.0
90,61,14,-15428.75,-13177.71,-13854.0,-13854.0,-33863.0,-1530.0
90,62,12,-15428.75,-14948.33,-16122.5,-16122.5,-26253.0,-4375.0
90,63,12,-15632.42,-15632.42,-16122.5,-14562.5,-30035.0,-5938.0
90,64,12,-16681.67,-16681.67,-16401.0,-16401.0,-31791.0,-2146.0
90,65,12,-16681.67,-12275.25,-16401.0,-12630.0,-33241.0,-324.0
90,66,8,-18195.88,-18195.88,-19562.5,-19562.5,-33906.0,-2604.0
90,67,8,-18195.88,-15950.25,-19562.5,-14990.0,-36792.0,-1165.0
90,68,8,-18195.88,-14906.5,-19562.5,-12055.5,-36181.0,-792.0
90,69,7,-18195.88,-12249.86,-19562.5,-9130.0,-34187.0,-2126.0
90,70,6,-18195.88,-17343.33,-19562.5,-13201.5,-49982.0,-300.0
