wr_level,minute,count,avg_target_networth_diff,avg_target_networth_diff_piecewise_time_only,avg_target_networth_diff_base_monotonic,avg_target_networth_diff_raw,median_target_networth_diff,median_target_networth_diff_piecewise_time_only,median_target_networth_diff_base_monotonic,median_target_networth_diff_raw,min_target_networth_diff,max_target_networth_diff
60,20,83,-3569.63,-3569.63,-3569.63,-3569.63,-2958.0,-2958.0,-2958.0,-2958.0,-16269.0,-64.0
60,21,82,-3809.48,-3809.48,-3779.96,-3779.96,-3261.63,-3261.63,-2961.0,-2961.0,-18742.0,-47.0
60,22,75,-4129.48,-4129.48,-4129.48,-4129.48,-3596.43,-3596.43,-3108.0,-3108.0,-21136.0,-45.0
60,23,68,-4502.32,-4502.32,-4502.32,-4502.32,-3977.5,-3977.5,-3977.5,-3977.5,-18999.0,-202.0
60,24,68,-4804.84,-4804.84,-4799.9,-4799.9,-4385.78,-4385.78,-3977.5,-3608.5,-20691.0,-14.0
60,25,64,-5148.47,-5148.47,-5148.47,-5148.47,-4835.97,-4835.97,-3977.5,-3656.0,-20543.0,-36.0
60,26,61,-5494.41,-5494.41,-5148.47,-4864.52,-5332.37,-5332.37,-3977.5,-3465.0,-20721.0,-75.0
60,27,52,-5863.59,-5863.59,-5686.58,-5686.58,-5879.72,-5879.72,-4447.0,-4447.0,-21359.0,-42.0
60,28,53,-6257.58,-6257.58,-6033.3,-6033.3,-6483.26,-6483.26,-4977.0,-4977.0,-19479.0,-164.0
60,29,50,-6678.04,-6678.04,-6034.58,-6034.58,-7148.75,-7148.75,-4977.0,-4647.5,-17368.0,-12.0
60,30,48,-7126.75,-7126.75,-6297.94,-6297.94,-7882.55,-7882.55,-4977.0,-4707.0,-19499.0,-363.0
60,31,46,-7315.89,-7315.89,-6297.94,-5975.17,-8462.01,-8462.01,-4977.0,-3694.0,-20963.0,-440.0
60,32,46,-7510.05,-7510.05,-6297.94,-5717.93,-9084.07,-9084.07,-4977.0,-4685.0,-22046.0,-10.0
60,33,45,-7709.37,-7709.37,-6297.94,-5965.67,-9751.86,-9751.86,-5020.0,-5020.0,-20904.0,-342.0
60,34,40,-7913.98,-7913.98,-6653.73,-6653.73,-10468.74,-10468.74,-5780.5,-5780.5,-24689.0,-508.0
60,35,39,-8124.02,-8124.02,-6737.03,-6737.03,-11238.32,-11238.32,-5780.5,-5171.0,-25038.0,-203.0
60,36,44,-8339.63,-8339.63,-6737.03,-6186.8,-12064.47,-12064.47,-5780.5,-4295.0,-25016.0,-135.0
60,37,38,-8560.96,-8560.96,-6737.03,-6088.03,-12951.35,-12951.35,-5780.5,-3878.0,-22114.0,-89.0
60,38,35,-8788.17,-8788.17,-6737.03,-6570.0,-13903.43,-13903.43,-5780.5,-4176.0,-22396.0,-84.0
60,39,32,-9021.41,-9021.41,-6784.38,-6784.38,-14925.5,-14925.5,-5780.5,-4659.5,-21371.0,-161.0
60,40,34,-9260.84,-9260.84,-6784.38,-5944.76,-16022.71,-16022.71,-5780.5,-3354.5,-22433.0,-149.0
60,41,32,-9922.1,-9922.1,-6784.38,-6211.47,-18992.52,-18992.52,-5780.5,-4791.5,-19664.0,-254.0
60,42,27,-10630.57,-10630.57,-7458.33,-7458.33,-22512.79,-22512.79,-7283.0,-7283.0,-19716.0,-364.0
60,43,22,-11389.63,-11389.63,-7481.95,-7481.95,-26685.54,-26685.54,-7283.0,-6629.0,-20157.0,-272.0
60,44,22,-12202.89,-12202.89,-7503.64,-7503.64,-31631.71,-31631.71,-7283.0,-7182.0,-19505.0,-704.0
60,45,21,-13074.22,-13074.22,-7781.24,-7781.24,-37494.66,-37494.66,-7283.0,-6780.0,-20247.0,-472.0
60,46,18,-14007.77,-14007.77,-8754.83,-8754.83,-44444.31,-44444.31,-8426.5,-8426.5,-18465.0,-175.0
60,47,16,-15007.97,-15007.97,-8754.83,-8190.75,-52682.08,-52682.08,-8426.5,-4217.5,-21236.0,-147.0
60,48,13,-16079.59,-16079.59,-10558.31,-10558.31,-62446.72,-62446.72,-10042.0,-10042.0,-22941.0,-643.0
60,49,12,-17227.73,-17227.73,-12389.5,-12389.5,-74021.24,-74021.24,-12496.5,-12496.5,-23485.0,-2232.0
60,50,11,-18457.85,-18457.85,-12398.09,-12398.09,-87741.1,-87741.1,-12496.5,-11217.0,-25364.0,-3415.0
60,51,9,-19775.81,-19775.81,-13007.11,-13007.11,-104003.94,-104003.94,-12764.0,-12764.0,-30446.0,-2215.0
60,52,9,-21187.87,-21187.87,-14442.78,-14442.78,-123281.1,-123281.1,-14272.0,-14272.0,-25906.0,-5550.0
60,53,10,-22700.76,-22700.76,-14442.78,-10719.0,-146131.29,-146131.29,-14272.0,-6704.5,-25878.0,-3054.0
60,54,9,-24321.67,-24321.67,-14442.78,-10418.67,-173216.77,-173216.77,-14272.0,-10491.0,-25189.0,-2534.0
60,55,8,-26058.32,-26058.32,-14442.78,-11174.0,-205322.56,-205322.56,-14272.0,-10318.5,-29759.0,-4067.0
60,56,9,-27918.98,-27918.98,-14442.78,-8439.33,-243379.16,-243379.16,-14272.0,-4416.0,-28112.0,-2536.0
60,57,7,-29912.49,-29912.49,-14442.78,-9434.14,-288489.57,-288489.57,-14272.0,-8130.0,-20562.0,-1014.0
65,20,286,-3668.94,-3565.42,-3565.42,-3565.42,-2987.58,-2803.5,-2803.5,-2803.5,-16517.0,-2.0
65,21,287,-3915.46,-3746.38,-3746.38,-3746.38,-3294.25,-3029.0,-3029.0,-3029.0,-18699.0,-18.0
65,22,270,-4244.36,-4128.01,-4128.01,-4128.01,-3632.39,-3543.5,-3543.5,-3543.5,-16890.0,-43.0
65,23,250,-4627.57,-4357.32,-4357.32,-4357.32,-4017.28,-3827.15,-3543.5,-3541.5,-15419.0,-31.0
65,24,257,-4938.51,-4577.77,-4417.08,-4417.08,-4429.64,-4133.51,-3543.5,-3517.0,-18448.0,-7.0
65,25,244,-5291.7,-4809.37,-4632.95,-4632.95,-4884.33,-4464.39,-3915.5,-3915.5,-19696.0,-13.0
65,26,234,-5647.26,-5052.69,-4950.09,-4950.09,-5385.69,-4821.76,-4075.0,-4075.0,-19585.0,-27.0
65,27,227,-6026.72,-5308.32,-5203.89,-5203.89,-5938.52,-5207.73,-4122.0,-4122.0,-19817.0,-15.0
65,28,231,-6431.67,-5576.88,-5203.89,-4981.29,-6548.09,-5624.6,-4122.0,-3960.0,-22352.0,-12.0
65,29,229,-6863.82,-5859.03,-5260.06,-5260.06,-7220.24,-6074.84,-4122.0,-4113.0,-21777.0,-55.0
65,30,217,-7325.02,-6155.46,-5260.06,-5243.65,-7961.38,-6561.12,-4377.0,-4377.0,-20592.0,-24.0
65,31,200,-7519.42,-6450.06,-5661.05,-5661.05,-8546.63,-6943.75,-4951.5,-4951.5,-23713.0,-55.0
65,32,194,-7718.98,-6758.75,-5820.06,-5820.06,-9174.91,-7348.69,-5107.0,-5107.0,-25405.0,-27.0
65,33,181,-7923.84,-7082.22,-6094.2,-6094.2,-9849.38,-7777.24,-5202.0,-5202.0,-19038.0,-21.0
65,34,164,-8134.15,-7421.17,-6520.09,-6520.09,-10573.43,-8230.79,-5357.5,-5357.5,-22464.0,-36.0
65,35,164,-8350.03,-7776.34,-6520.09,-6457.34,-11350.7,-8710.79,-5357.5,-4894.0,-20030.0,-25.0
65,36,144,-8571.64,-8148.51,-6802.51,-6802.51,-12185.11,-9218.78,-5466.0,-5466.0,-21959.0,-20.0
65,37,134,-8799.13,-8538.49,-6802.51,-6621.28,-13080.86,-9756.39,-5658.5,-5658.5,-22112.0,-78.0
65,38,123,-9032.66,-8947.14,-6883.85,-6883.85,-14042.46,-10325.35,-5658.5,-5345.0,-23238.0,-49.0
65,39,117,-9375.34,-9375.34,-7274.52,-7274.52,-15074.76,-10927.49,-6804.0,-6804.0,-24153.0,-20.0
65,40,108,-9824.04,-9824.04,-7552.16,-7552.16,-16182.94,-11564.75,-6961.5,-6961.5,-23699.0,-120.0
65,41,108,-10553.8,-10553.8,-7552.16,-7187.1,-19182.45,-12485.93,-6961.5,-6463.5,-23910.0,-66.0
65,42,105,-11337.76,-11337.76,-7552.16,-7359.7,-22737.92,-13480.48,-6961.5,-6797.0,-23848.0,-127.0
65,43,93,-12179.96,-12179.96,-7552.16,-6942.73,-26952.4,-14554.25,-6961.5,-5815.0,-25295.0,-167.0
65,44,73,-13084.72,-13084.72,-8371.25,-8371.25,-31948.03,-15713.55,-7301.0,-7301.0,-25774.0,-158.0
65,45,64,-14056.69,-14056.69,-9022.33,-9022.33,-37869.61,-16965.2,-8216.5,-8216.5,-26899.0,-690.0
65,46,53,-15100.86,-15100.86,-10372.43,-10372.43,-44888.75,-18316.55,-9466.0,-9466.0,-28360.0,-545.0
65,47,53,-16222.59,-16222.59,-10372.43,-9679.11,-53208.9,-19775.54,-9466.0,-8754.0,-27077.0,-154.0
65,48,49,-17427.65,-17427.65,-10372.43,-10092.51,-63071.19,-21350.74,-9778.0,-9778.0,-28435.0,-364.0
65,49,42,-18722.22,-18722.22,-10424.1,-10424.1,-74761.45,-23051.41,-9778.0,-9515.5,-29118.0,-260.0
65,50,37,-20112.96,-20112.96,-10640.89,-10640.89,-88618.51,-24887.55,-9778.0,-8970.0,-29049.0,-297.0
65,51,35,-21607.0,-21607.0,-10640.89,-9674.46,-105043.98,-26869.94,-9778.0,-7841.0,-33025.0,-48.0
65,52,29,-23212.03,-23212.03,-11457.48,-11457.48,-124513.91,-29010.24,-10120.0,-10120.0,-35478.0,-713.0
65,53,26,-24936.28,-24936.28,-11457.48,-11382.08,-147592.6,-31321.02,-10644.0,-10644.0,-27942.0,-84.0
65,54,24,-26788.61,-26788.61,-11457.48,-11442.83,-174948.94,-33815.87,-10644.0,-9854.0,-28648.0,-468.0
65,55,20,-28778.54,-28778.54,-12858.95,-12858.95,-207375.79,-36509.44,-11394.0,-11394.0,-27871.0,-1939.0
65,56,17,-30916.29,-30916.29,-13186.65,-13186.65,-245812.95,-39417.56,-13028.0,-13028.0,-34267.0,-403.0
65,57,15,-33212.83,-33212.83,-13430.8,-13430.8,-291374.47,-42557.33,-13028.0,-11373.0,-35134.0,-1413.0
65,58,12,-35679.97,-35679.97,-14864.17,-14864.17,-291375.47,-45947.19,-13028.0,-12030.0,-39357.0,-433.0
65,59,13,-38330.37,-38330.37,-14864.17,-12970.0,-291376.47,-49607.07,-13028.0,-11585.0,-40106.0,-579.0
65,60,12,-41177.65,-41177.65,-14864.17,-14494.67,-291377.47,-53558.47,-13028.0,-10490.5,-42520.0,-3069.0
65,61,12,-44236.43,-44236.43,-14864.17,-13520.83,-291378.47,-57824.62,-13028.0,-8731.5,-44752.0,-840.0
65,62,11,-47522.43,-47522.43,-15456.73,-15456.73,-291379.47,-62430.58,-13942.0,-13942.0,-42391.0,-3103.0
65,63,12,-51052.52,-51052.52,-15456.73,-14688.75,-291380.47,-67403.43,-13942.0,-12685.0,-41628.0,-169.0
65,64,11,-54844.84,-54844.84,-15515.0,-15515.0,-291381.47,-72772.38,-13942.0,-13251.0,-40990.0,-4542.0
65,65,9,-58918.86,-58918.86,-15515.0,-13758.33,-291382.47,-78568.99,-14062.0,-14062.0,-46134.0,-163.0
65,66,6,-63295.51,-63295.51,-15515.0,-15505.33,-291383.47,-84827.33,-14062.0,-10632.0,-36858.0,-4217.0
70,20,319,-3778.94,-3778.94,-3778.94,-3778.94,-3017.46,-2976.0,-2976.0,-2976.0,-15924.0,-5.0
70,21,324,-4027.77,-3995.16,-3822.9,-3822.9,-3327.19,-3231.5,-3231.5,-3231.5,-18155.0,-22.0
70,22,308,-4394.17,-4394.17,-4394.17,-4394.17,-3668.71,-3501.56,-3442.5,-3442.5,-20522.0,-19.0
70,23,309,-4760.31,-4645.59,-4627.84,-4627.84,-4057.45,-3794.19,-3628.0,-3628.0,-21019.0,-25.0
70,24,296,-5080.17,-5024.14,-5024.14,-5024.14,-4473.94,-4152.5,-4152.5,-4152.5,-22992.0,-5.0
70,25,293,-5443.49,-5311.6,-5219.13,-5219.13,-4933.17,-4499.53,-4282.0,-4282.0,-18508.0,-11.0
70,26,280,-5809.25,-5615.51,-5494.59,-5494.59,-5439.55,-4875.56,-4506.0,-4506.0,-20037.0,-26.0
70,27,271,-6199.59,-5936.81,-5683.37,-5683.37,-5997.91,-5283.02,-4911.0,-4911.0,-20613.0,-2.0
70,28,268,-6616.16,-6276.49,-5820.42,-5820.42,-6613.57,-5724.53,-4911.0,-4785.0,-24853.0,-11.0
70,29,246,-7060.7,-6635.61,-6093.27,-6093.27,-7292.44,-6202.94,-4911.0,-4842.0,-22162.0,-16.0
70,30,229,-7535.13,-7015.28,-6578.94,-6578.94,-8040.99,-6721.33,-5758.0,-5758.0,-23853.0,-17.0
70,31,217,-7735.11,-7259.96,-6938.68,-6938.68,-8632.1,-7086.37,-6139.0,-6139.0,-24286.0,-10.0
70,32,214,-7940.39,-7513.17,-7088.99,-7088.99,-9266.66,-7471.24,-6139.0,-6091.5,-29196.0,-24.0
70,33,209,-8151.13,-7775.21,-7323.7,-7323.7,-9947.87,-7877.01,-6139.0,-5745.0,-25257.0,-75.0
70,34,205,-8367.47,-8046.39,-7367.61,-7367.61,-10679.16,-8304.82,-6139.0,-5791.0,-26118.0,-19.0
70,35,189,-8589.54,-8327.03,-7863.26,-7863.26,-11464.21,-8755.86,-6146.0,-6146.0,-26832.0,-266.0
70,36,178,-8817.51,-8617.46,-8150.25,-8150.25,-12306.96,-9231.4,-6620.5,-6620.5,-28792.0,-131.0
70,37,165,-9051.52,-8918.02,-8150.25,-8080.83,-13211.67,-9732.77,-6806.0,-6806.0,-27231.0,-106.0
70,38,163,-9291.75,-9229.06,-8150.25,-7784.21,-14182.88,-10261.37,-6895.0,-6895.0,-27445.0,-30.0
70,39,151,-9644.26,-9550.95,-8234.68,-8234.68,-15225.51,-10818.68,-7713.0,-7713.0,-24232.0,-34.0
70,40,137,-10105.83,-9884.06,-8667.0,-8667.0,-16344.77,-11406.26,-8450.0,-8450.0,-24608.0,-244.0
70,41,136,-10856.53,-10483.47,-8667.0,-8196.73,-19374.27,-12348.29,-8450.0,-7154.5,-29998.0,-128.0
70,42,124,-11662.97,-11119.23,-8667.0,-7786.34,-22965.3,-13368.12,-8450.0,-6492.5,-30163.0,-85.0
70,43,109,-12529.33,-11793.55,-8667.0,-8264.23,-27221.92,-14472.17,-8450.0,-7242.0,-30158.0,-185.0
70,44,110,-13460.04,-12508.76,-8667.0,-7878.57,-32267.51,-15667.41,-8450.0,-6364.0,-28246.0,-46.0
70,45,100,-14459.89,-13267.34,-8667.0,-8522.88,-38248.31,-16961.36,-8450.0,-6698.0,-26410.0,-137.0
70,46,89,-15534.01,-14071.93,-8667.0,-8512.74,-45337.64,-18362.17,-8450.0,-6882.0,-26770.0,-49.0
70,47,80,-16687.92,-14925.31,-8667.0,-8527.34,-53740.99,-19878.67,-8450.0,-6821.5,-26807.0,-167.0
70,48,76,-17927.54,-15830.44,-8667.0,-8637.16,-63701.9,-21520.42,-8450.0,-6895.5,-35333.0,-144.0
70,49,77,-19259.25,-16790.46,-8667.0,-8181.57,-75509.06,-23297.76,-8450.0,-6546.0,-32666.0,-75.0
70,50,62,-20689.88,-17808.7,-9384.56,-9384.56,-89504.7,-25221.89,-8450.0,-7601.5,-34143.0,-111.0
70,51,55,-22226.78,-18888.69,-9384.56,-9021.11,-106094.42,-27304.93,-8450.0,-7449.0,-35664.0,-547.0
70,52,47,-23877.84,-20034.18,-9570.28,-9570.28,-125759.05,-29560.0,-8450.0,-8094.0,-37111.0,-134.0
70,53,39,-25651.55,-21249.14,-9570.28,-7496.21,-149068.53,-32001.32,-8450.0,-5295.0,-38028.0,-68.0
70,54,25,-27557.01,-22537.78,-9901.92,-9901.92,-176698.43,-34644.26,-8586.0,-8586.0,-39558.0,-551.0
70,55,25,-29604.02,-23904.56,-9901.92,-9333.92,-209449.55,-37505.48,-8586.0,-7263.0,-43706.0,-40.0
70,56,21,-31803.09,-25354.23,-10765.29,-10765.29,-248271.08,-40603.0,-8586.0,-6734.0,-44747.0,-128.0
70,57,18,-34165.51,-26891.82,-10765.29,-9680.78,-294288.21,-43956.34,-8586.0,-6715.5,-45687.0,-1.0
70,58,17,-36703.41,-28522.65,-10765.29,-9640.12,-294289.22,-47586.63,-8586.0,-6689.0,-40785.0,-331.0
70,59,14,-39429.84,-30252.38,-11047.14,-11047.14,-294290.23,-51516.74,-9865.0,-9865.0,-32794.0,-536.0
70,60,14,-42358.79,-32087.01,-12322.86,-12322.86,-294291.24,-55771.43,-9865.0,-9787.5,-38339.0,-3347.0
70,61,11,-45505.31,-34032.9,-13361.91,-13361.91,-294292.25,-60377.51,-11435.0,-11435.0,-39216.0,-3171.0
70,62,11,-48885.56,-36096.8,-13361.91,-12050.36,-294293.26,-65364.0,-11435.0,-9662.0,-48410.0,-587.0
70,63,7,-52516.91,-38285.86,-15062.57,-15062.57,-294294.27,-70762.32,-11435.0,-10825.0,-52906.0,-712.0
70,64,8,-56418.01,-40607.67,-15062.57,-14689.38,-294295.28,-76606.48,-11435.0,-8515.5,-52813.0,-633.0
70,65,7,-60608.89,-43070.29,-15062.57,-13593.71,-294296.29,-82933.3,-11435.0,-3426.0,-52270.0,-18.0
70,66,6,-65111.08,-45682.25,-15332.5,-15332.5,-294297.3,-89782.64,-11435.0,-7535.5,-48825.0,-415.0
70,68,6,-65112.08,-48452.61,-19968.33,-19968.33,-294298.21,-97197.66,-21013.5,-21013.5,-46231.0,-605.0
75,20,517,-4107.11,-4107.11,-4107.11,-4107.11,-3621.0,-3621.0,-3621.0,-3621.0,-16419.0,-2.0
75,21,518,-4306.18,-4306.18,-4235.27,-4235.27,-3817.19,-3817.19,-3621.0,-3502.5,-19594.0,-33.0
75,22,502,-4626.08,-4626.08,-4626.08,-4626.08,-4024.01,-4024.01,-3721.0,-3721.0,-20908.0,-1.0
75,23,490,-4864.39,-4864.39,-4864.39,-4864.39,-4242.03,-4242.03,-4017.0,-4017.0,-24469.0,-3.0
75,24,481,-5149.78,-5100.17,-5019.5,-5019.5,-4651.82,-4471.86,-4304.0,-4304.0,-27768.0,-12.0
75,25,452,-5518.08,-5421.46,-5421.46,-5421.46,-5129.31,-4714.15,-4583.5,-4583.5,-31466.0,-6.0
75,26,439,-5888.85,-5684.24,-5680.53,-5680.53,-5655.82,-4969.56,-4636.0,-4636.0,-32467.0,-12.0
75,27,425,-6284.54,-5959.76,-5953.04,-5953.04,-6236.38,-5238.81,-4907.0,-4907.0,-33956.0,-16.0
75,28,424,-6706.81,-6248.63,-6030.46,-6030.46,-6876.52,-5522.65,-4907.0,-4903.0,-28653.0,-22.0
75,29,405,-7157.45,-6551.51,-6309.33,-6309.33,-7582.38,-5821.87,-5018.0,-5018.0,-31505.0,-6.0
75,30,385,-7638.38,-6869.07,-6560.42,-6560.42,-8360.69,-6137.3,-5536.0,-5536.0,-33070.0,-24.0
75,31,369,-7841.1,-7000.14,-6777.16,-6777.16,-8975.3,-6523.19,-5704.0,-5704.0,-34180.0,-25.0
75,32,362,-8049.19,-7133.71,-6845.64,-6845.64,-9635.09,-6933.34,-5704.0,-5576.5,-29217.0,-45.0
75,33,353,-8262.82,-7269.83,-6845.64,-6746.31,-10343.39,-7369.28,-5704.0,-5655.0,-28204.0,-3.0
75,34,329,-8482.12,-7408.55,-7091.25,-7091.25,-11103.75,-7832.63,-5960.0,-5960.0,-29212.0,-49.0
75,35,304,-8707.23,-7549.91,-7276.86,-7276.86,-11920.02,-8325.11,-6701.0,-6701.0,-32158.0,-77.0
75,36,276,-8938.33,-7693.97,-7347.08,-7347.08,-12796.27,-8848.56,-6701.0,-6240.5,-30499.0,-125.0
75,37,258,-9175.54,-7840.78,-7364.65,-7364.65,-13736.95,-9404.92,-6701.0,-6060.5,-30286.0,-115.0
75,38,242,-9419.07,-7990.39,-7364.65,-7342.94,-14746.78,-9996.26,-6701.0,-6361.5,-28398.0,-14.0
75,39,223,-9776.41,-8142.86,-7364.65,-7188.13,-15830.86,-10624.78,-6701.0,-6244.0,-27559.0,-47.0
75,40,204,-10244.3,-8298.23,-7414.59,-7414.59,-16994.62,-11292.82,-6701.0,-6406.0,-25170.0,-111.0
75,41,179,-11005.29,-8836.02,-8212.25,-8212.25,-20144.57,-11856.74,-7136.0,-7136.0,-31644.0,-134.0
75,42,168,-11822.78,-9408.66,-8470.21,-8470.21,-23878.38,-12448.82,-7191.0,-7191.0,-29463.0,-9.0
75,43,164,-12701.01,-10018.41,-8470.21,-8205.06,-28304.24,-13070.47,-7191.0,-7039.0,-24515.0,-27.0
75,44,147,-13644.47,-10667.68,-8470.21,-8196.46,-33550.43,-13723.16,-7900.0,-7900.0,-23278.0,-122.0
75,45,131,-14658.02,-11359.02,-8470.21,-7454.2,-39769.02,-14408.44,-7900.0,-6433.0,-26369.0,-123.0
75,46,112,-15746.86,-12095.17,-8470.21,-8188.79,-47140.22,-15127.94,-7931.0,-7931.0,-28418.0,-151.0
75,47,104,-16916.58,-12879.02,-8736.79,-8736.79,-55877.68,-15883.37,-8203.5,-8203.5,-21041.0,-304.0
75,48,98,-18173.18,-13713.67,-8736.79,-7944.19,-66234.62,-16676.52,-8203.5,-7021.0,-23590.0,-151.0
75,49,82,-19523.14,-14602.42,-8736.79,-8586.77,-78511.22,-17509.28,-8203.5,-6638.5,-27572.0,-52.0
75,50,79,-20973.37,-15548.76,-8736.79,-7512.92,-93063.32,-18383.62,-8203.5,-6039.0,-29128.0,-7.0
75,51,65,-22531.33,-16556.43,-8736.79,-7610.38,-110312.63,-19301.63,-8203.5,-5288.0,-30469.0,-489.0
75,52,57,-24205.01,-17629.41,-8736.79,-6970.44,-130759.1,-20265.48,-8203.5,-4908.0,-29465.0,-43.0
75,53,41,-26003.03,-18771.92,-8736.79,-7590.0,-154995.35,-21277.46,-8203.5,-6159.0,-29350.0,-102.0
75,54,34,-27934.6,-19988.48,-8736.79,-7900.15,-183723.78,-22339.97,-8203.5,-5507.5,-33922.0,-531.0
75,55,27,-30009.65,-21283.88,-8765.52,-8765.52,-217777.05,-23455.54,-8203.5,-4883.0,-36780.0,-483.0
75,56,25,-32238.86,-22663.23,-8765.52,-8260.4,-258142.09,-24626.82,-8203.5,-5031.0,-35080.0,-253.0
75,57,18,-34633.65,-24131.97,-10773.11,-10773.11,-305988.81,-25856.59,-8203.5,-7831.0,-35189.0,-851.0
75,58,17,-37206.32,-25695.9,-10773.11,-10559.35,-305989.87,-27147.77,-8203.5,-7185.0,-33517.0,-955.0
75,59,18,-39970.11,-27361.18,-10773.11,-9662.89,-305990.92,-28503.42,-8203.5,-3622.5,-34812.0,-127.0
75,60,12,-42939.19,-29134.38,-12253.25,-12253.25,-305991.97,-29926.77,-8203.5,-7653.5,-32641.0,-330.0
75,61,12,-46128.82,-31022.5,-12253.25,-11044.17,-305993.02,-31421.2,-8203.5,-6249.5,-29312.0,-1408.0
75,62,12,-49555.39,-33032.98,-12253.25,-9864.25,-305994.07,-32990.25,-8203.5,-7139.5,-29736.0,-425.0
75,63,8,-53236.5,-35173.76,-12253.25,-12211.38,-305995.12,-34637.65,-9951.5,-9951.5,-32293.0,-362.0
75,64,9,-57191.05,-37453.27,-12644.89,-12644.89,-305996.17,-36367.32,-15431.0,-15431.0,-25895.0,-141.0
75,65,7,-61439.35,-39880.51,-13650.14,-13650.14,-305997.22,-38183.36,-15431.0,-14888.0,-17685.0,-4483.0
80,20,410,-4259.3,-4177.55,-4177.55,-4177.55,-3838.26,-3695.0,-3695.0,-3695.0,-16459.0,-2.0
80,21,409,-4478.95,-4478.95,-4478.95,-4478.95,-4046.22,-3893.7,-3739.0,-3739.0,-15734.0,-8.0
80,22,403,-4797.5,-4785.01,-4785.01,-4785.01,-4265.45,-4103.09,-3857.0,-3857.0,-17743.0,-3.0
80,23,395,-5060.5,-5060.5,-5060.5,-5060.5,-4496.55,-4323.74,-4187.0,-4187.0,-19152.0,-6.0
80,24,380,-5454.88,-5454.88,-5454.88,-5454.88,-4930.93,-4803.0,-4803.0,-4803.0,-18896.0,-24.0
80,25,381,-5725.1,-5725.1,-5661.09,-5661.09,-5437.07,-5061.29,-4942.0,-4942.0,-19850.0,-10.0
80,26,380,-6107.07,-6008.71,-5767.01,-5767.01,-5995.17,-5333.47,-5219.0,-5219.0,-22262.0,-7.0
80,27,371,-6517.42,-6306.37,-5959.36,-5959.36,-6610.56,-5620.28,-5219.0,-5103.0,-25163.0,-42.0
80,28,353,-6955.34,-6618.77,-6101.01,-6101.01,-7289.11,-5922.52,-5219.0,-5161.0,-20472.0,-38.0
80,29,322,-7422.68,-6946.65,-6585.61,-6585.61,-8037.32,-6241.01,-5352.5,-5352.5,-23336.0,-2.0
80,30,311,-7921.43,-7290.77,-6737.85,-6737.85,-8862.33,-6576.63,-5607.0,-5607.0,-26536.0,-59.0
80,31,293,-8131.66,-7552.52,-7052.84,-7052.84,-9513.82,-6952.55,-6211.0,-6211.0,-32874.0,-8.0
80,32,286,-8347.46,-7823.67,-7248.99,-7248.99,-10213.2,-7349.96,-6211.0,-5684.0,-25971.0,-16.0
80,33,256,-8569.01,-8104.55,-7794.73,-7794.73,-10963.99,-7770.09,-6223.0,-6223.0,-26237.0,-29.0
80,34,241,-8796.43,-8395.52,-8227.81,-8227.81,-11769.98,-8214.23,-6890.0,-6890.0,-29748.0,-2.0
80,35,235,-9029.89,-8696.94,-8255.1,-8255.1,-12635.22,-8683.76,-7047.0,-7047.0,-35230.0,-11.0
80,36,222,-9269.55,-9009.18,-8255.1,-8245.87,-13564.05,-9180.13,-7339.0,-7339.0,-29910.0,-10.0
80,37,207,-9515.55,-9332.63,-8435.96,-8435.96,-14561.17,-9704.87,-7339.0,-6888.0,-32230.0,-107.0
80,38,201,-9768.1,-9667.69,-8435.96,-8358.76,-15631.59,-10259.6,-7339.0,-6635.0,-36793.0,-104.0
80,39,183,-10138.68,-10014.78,-8523.46,-8523.46,-16780.71,-10846.04,-7339.0,-7044.0,-42366.0,-99.0
80,40,171,-10623.91,-10374.33,-8523.46,-8102.88,-18014.3,-11466.0,-7339.0,-6868.0,-44442.0,-38.0
80,41,148,-11413.1,-10875.56,-8523.46,-8291.29,-21353.24,-12519.61,-7339.0,-6884.5,-36644.0,-86.0
80,42,134,-12260.88,-11401.0,-8672.33,-8672.33,-25311.08,-13670.03,-7892.0,-7892.0,-36732.0,-41.0
80,43,133,-13171.66,-11951.83,-8672.33,-8536.15,-30002.49,-14926.16,-7892.0,-7408.0,-37456.0,-6.0
80,44,115,-14150.08,-12529.27,-8758.81,-8758.81,-35563.46,-16297.72,-7892.0,-7372.0,-29309.0,-201.0
80,45,106,-15201.19,-13134.61,-8758.81,-8133.43,-42155.16,-17795.31,-7892.0,-7260.0,-28793.0,-31.0
80,46,95,-16330.38,-13769.2,-8758.81,-7788.13,-49968.63,-19430.51,-7892.0,-6595.0,-32366.0,-40.0
80,47,80,-17543.44,-14434.45,-8758.81,-7882.73,-59230.34,-21215.97,-7892.0,-6263.0,-34558.0,-31.0
80,48,69,-18846.61,-15131.84,-8758.81,-7784.35,-70208.7,-23165.5,-7892.0,-6106.0,-37866.0,-134.0
80,49,54,-20246.59,-15862.92,-9061.89,-9061.89,-83221.89,-25294.17,-7892.0,-7142.0,-38966.0,-217.0
80,50,48,-21750.56,-16629.32,-9061.89,-8523.6,-98647.12,-27618.44,-7892.0,-6459.0,-44591.0,-138.0
80,51,39,-23366.25,-17432.75,-10454.62,-10454.62,-116931.39,-30156.29,-9717.0,-9717.0,-40881.0,-168.0
80,52,31,-25101.95,-18275.0,-12987.58,-12987.58,-138604.65,-32927.34,-9975.0,-9975.0,-45768.0,-375.0
80,53,32,-26966.6,-19157.94,-12987.58,-11404.31,-164295.07,-35953.02,-9975.0,-9321.0,-43431.0,-15.0
80,54,31,-28969.74,-20083.54,-12987.58,-10381.35,-194747.21,-39256.73,-9975.0,-9065.0,-41403.0,-118.0
80,55,27,-31121.69,-21053.86,-12987.58,-10959.67,-230843.67,-42864.01,-9975.0,-8942.0,-34173.0,-626.0
80,56,24,-33433.5,-22071.06,-12987.58,-9349.88,-273630.62,-46802.76,-9975.0,-7624.0,-25038.0,-558.0
80,57,21,-35917.03,-23137.41,-12987.58,-10372.1,-324348.14,-51103.44,-9983.0,-9983.0,-22784.0,-1464.0
80,58,18,-38585.04,-24255.28,-12987.58,-10132.72,-324349.26,-55799.31,-11589.0,-11589.0,-23353.0,-230.0
80,59,16,-41451.24,-25427.15,-12987.58,-7666.56,-324350.38,-60926.68,-11589.0,-4932.0,-25568.0,-560.0
80,60,16,-44530.34,-26655.64,-12987.58,-6771.56,-324351.49,-66525.21,-11589.0,-4083.0,-25645.0,-214.0
80,61,13,-47838.17,-27943.49,-12987.58,-7803.31,-324352.6,-72638.18,-11589.0,-4447.0,-40247.0,-188.0
80,62,9,-51391.71,-29293.56,-12987.58,-6226.56,-324353.71,-79312.87,-11589.0,-5471.0,-17793.0,-1034.0
80,63,8,-55209.23,-30708.86,-12987.58,-7724.38,-324354.83,-86600.89,-11589.0,-6874.5,-21651.0,-1066.0
80,64,6,-59310.32,-32192.53,-12987.58,-8129.33,-324355.94,-94558.61,-11589.0,-8717.5,-11903.0,-1559.0
80,65,6,-63716.05,-33747.89,-12987.58,-7289.33,-324357.05,-103247.56,-11589.0,-6680.5,-13515.0,-2789.0
80,66,6,-65762.19,-35378.39,-12987.58,-8525.33,-324357.14,-112734.93,-11589.0,-4766.5,-22670.0,-21.0
85,20,90,-4410.66,-4246.89,-4246.89,-4246.89,-4068.56,-3840.5,-3840.5,-3840.5,-15418.0,-1.0
85,21,95,-4638.12,-4472.56,-4323.07,-4323.07,-4288.99,-4130.75,-3840.5,-3542.0,-15094.0,-261.0
85,22,99,-4967.99,-4710.22,-4642.34,-4642.34,-4521.38,-4442.93,-3840.5,-3803.0,-14760.0,-32.0
85,23,96,-5240.33,-4960.51,-4940.56,-4940.56,-4778.71,-4778.71,-4187.5,-4187.5,-16819.0,-134.0
85,24,88,-5648.73,-5482.62,-5482.62,-5482.62,-5226.79,-5139.86,-4943.5,-4943.5,-18561.0,-41.0
85,25,91,-5928.55,-5773.96,-5731.08,-5731.08,-5763.29,-5611.0,-5611.0,-5611.0,-16629.0,-58.0
85,26,91,-6324.1,-6080.78,-5816.87,-5816.87,-6354.88,-6035.06,-5676.0,-5676.0,-17365.0,-54.0
85,27,82,-6749.03,-6403.9,-6317.79,-6317.79,-7007.19,-6491.16,-5754.5,-5754.5,-16689.0,-157.0
85,28,82,-7202.51,-6744.19,-6562.62,-6562.62,-7726.46,-6981.73,-5908.5,-5908.5,-17391.0,-18.0
85,29,81,-7686.46,-7102.56,-6760.48,-6760.48,-8519.56,-7509.38,-5908.5,-5893.0,-18716.0,-189.0
85,30,81,-8202.93,-7479.98,-6760.48,-6719.12,-9394.07,-8076.91,-5908.5,-5590.0,-20718.0,-15.0
85,31,78,-8420.63,-7755.99,-6892.83,-6892.83,-10084.65,-8694.17,-5908.5,-5776.5,-23614.0,-12.0
85,32,70,-8644.1,-8042.19,-6938.67,-6938.67,-10825.99,-9358.61,-5908.5,-5727.0,-23618.0,-363.0
85,33,68,-8873.53,-8338.95,-6938.67,-6482.87,-11621.83,-10073.82,-5908.5,-5836.5,-18700.0,-167.0
85,34,67,-9109.03,-8646.66,-6938.67,-6735.9,-12476.18,-10843.69,-6544.0,-6544.0,-18985.0,-269.0
85,35,63,-9350.79,-8965.72,-7445.7,-7445.7,-13393.33,-11672.4,-7114.0,-7114.0,-21625.0,-144.0
85,36,62,-9598.96,-9296.56,-7445.7,-7096.69,-14377.89,-12564.44,-7114.0,-6271.5,-23468.0,-82.0
85,37,56,-9853.7,-9639.6,-7445.7,-7377.88,-15434.84,-13524.65,-7114.0,-7006.5,-21724.0,-515.0
85,38,51,-10115.23,-9995.3,-7445.7,-7215.53,-16569.49,-14558.25,-7114.0,-6019.0,-25341.0,-174.0
85,39,49,-10498.98,-10364.13,-7579.39,-7579.39,-17787.55,-15670.84,-7114.0,-6628.0,-28734.0,-213.0
85,40,47,-11001.45,-10746.57,-8223.4,-8223.4,-19095.16,-16868.45,-7256.0,-7256.0,-27500.0,-25.0
85,41,42,-11818.69,-11565.05,-8223.4,-8092.17,-22634.43,-17954.06,-7259.0,-7259.0,-27466.0,-511.0
85,42,37,-12696.59,-12445.87,-8223.4,-8035.57,-26829.74,-19109.54,-7259.0,-6615.0,-29536.0,-615.0
85,43,32,-13639.74,-13393.77,-8223.4,-7801.03,-31802.64,-20339.39,-7259.0,-6300.0,-27325.0,-258.0
85,44,28,-14652.93,-14413.87,-8223.4,-7882.43,-37697.27,-21648.39,-7259.0,-6312.0,-27224.0,-216.0
85,45,20,-15741.39,-15511.66,-8652.15,-8652.15,-44684.47,-23041.63,-7259.0,-6285.5,-25128.0,-171.0
85,46,15,-16910.71,-16693.06,-8652.15,-8438.0,-52966.75,-24524.54,-7836.0,-7836.0,-23762.0,-44.0
85,47,16,-18166.88,-17964.44,-8652.15,-7348.88,-62784.16,-26102.88,-7836.0,-4739.0,-23606.0,-1348.0
85,48,15,-19516.36,-19332.65,-8652.15,-7825.73,-74421.22,-27782.8,-7836.0,-7520.0,-21343.0,-678.0
85,49,14,-20966.09,-20805.06,-9214.71,-9214.71,-88215.2,-29570.84,-8152.0,-8152.0,-25217.0,-946.0
85,50,11,-22523.51,-22389.61,-9610.27,-9610.27,-104565.95,-31473.95,-8589.0,-8589.0,-24874.0,-2468.0
85,51,8,-24196.62,-24094.85,-12088.5,-12088.5,-123947.27,-33499.54,-10850.5,-10850.5,-25804.0,-2113.0
85,52,7,-25994.0,-25929.96,-12453.0,-12453.0,-146920.93,-35655.49,-14209.0,-14209.0,-18669.0,-3665.0
90,20,417,-4476.13,-4452.39,-4452.39,-4452.39,-4109.25,-3933.0,-3933.0,-3933.0,-15727.0,-4.0
90,21,412,-4858.74,-4858.74,-4858.74,-4858.74,-4331.88,-4113.18,-4110.0,-4110.0,-16255.0,-44.0
90,22,412,-5173.58,-5173.58,-5173.58,-5173.58,-4566.59,-4370.0,-4370.0,-4370.0,-16885.0,-30.0
90,23,413,-5485.51,-5485.51,-5485.51,-5485.51,-4826.5,-4570.2,-4441.0,-4441.0,-18869.0,-30.0
90,24,408,-5777.24,-5777.24,-5777.24,-5777.24,-5279.06,-4779.57,-4702.0,-4702.0,-19446.0,-9.0
90,25,402,-6111.72,-6111.72,-6111.72,-6111.72,-5820.92,-5120.5,-5120.5,-5120.5,-20252.0,-35.0
90,26,390,-6417.97,-6413.14,-6344.24,-6344.24,-6418.43,-5355.08,-5278.5,-5278.5,-21742.0,-1.0
90,27,376,-6849.21,-6729.42,-6502.52,-6502.52,-7077.26,-5600.41,-5479.0,-5479.0,-21614.0,-15.0
90,28,369,-7309.42,-7061.3,-6722.14,-6722.14,-7803.72,-5856.98,-5851.0,-5851.0,-23492.0,-44.0
90,29,361,-7800.56,-7409.55,-6919.37,-6919.37,-8604.76,-6125.3,-5884.0,-5884.0,-23478.0,-5.0
90,30,347,-8324.69,-7774.98,-7141.33,-7141.33,-9488.01,-6405.91,-6134.0,-6134.0,-22013.0,-32.0
90,31,338,-8545.63,-8029.55,-7316.64,-7316.64,-10185.5,-6714.96,-6284.5,-6284.5,-25611.0,-88.0
90,32,321,-8772.41,-8292.45,-7658.41,-7658.41,-10934.25,-7038.92,-6697.0,-6697.0,-24667.0,-55.0
90,33,309,-9005.25,-8563.96,-7658.41,-7607.33,-11738.05,-7378.51,-6697.0,-6425.0,-24929.0,-83.0
90,34,282,-9244.24,-8844.36,-8015.15,-8015.15,-12600.94,-7734.48,-6697.0,-6668.5,-26196.0,-16.0
90,35,275,-9489.59,-9133.94,-8138.32,-8138.32,-13527.26,-8107.63,-6860.0,-6860.0,-26828.0,-20.0
90,36,273,-9741.45,-9433.0,-8138.32,-7936.04,-14521.67,-8498.78,-6860.0,-6713.0,-25670.0,-16.0
90,37,243,-9999.97,-9741.85,-8514.21,-8514.21,-15589.19,-8908.8,-7247.0,-7247.0,-27075.0,-83.0
90,38,228,-10265.38,-10060.81,-8606.07,-8606.07,-16735.18,-9338.6,-7411.5,-7411.5,-27449.0,-71.0
90,39,214,-10654.83,-10390.22,-9144.63,-9144.63,-17965.43,-9789.14,-7921.0,-7921.0,-27631.0,-23.0
90,40,201,-11164.76,-10730.41,-9209.78,-9209.78,-19286.11,-10261.41,-8657.0,-8657.0,-30105.0,-48.0
90,41,183,-11994.13,-11474.44,-9560.33,-9560.33,-22860.77,-10830.69,-8921.0,-8921.0,-30696.0,-20.0
90,42,171,-12885.06,-12270.06,-9560.33,-9160.2,-27098.04,-11431.55,-8921.0,-8026.0,-29998.0,-49.0
90,43,157,-13842.21,-13120.85,-9560.33,-9349.87,-32120.67,-12065.74,-8921.0,-7975.0,-33720.0,-36.0
90,44,141,-14870.44,-14030.63,-10279.27,-10279.27,-38074.24,-12735.12,-9622.0,-9622.0,-29171.0,-329.0
90,45,130,-15975.06,-15003.5,-10279.27,-10219.53,-45131.31,-13441.63,-9824.0,-9824.0,-30224.0,-259.0
90,46,120,-17161.73,-16043.82,-10279.27,-10050.31,-53496.42,-14187.34,-9824.0,-8888.0,-31255.0,-95.0
90,47,110,-18436.55,-17156.28,-10279.27,-10067.03,-63412.0,-14974.42,-9824.0,-8048.0,-34561.0,-221.0
90,48,95,-19806.06,-18345.87,-10279.27,-9616.82,-75165.43,-15805.16,-9824.0,-7347.0,-36216.0,-215.0
90,49,91,-21277.31,-19617.95,-10279.27,-9246.69,-89097.35,-16681.99,-9824.0,-6920.0,-38205.0,-108.0
90,50,75,-22857.85,-20978.23,-10279.27,-9702.04,-105611.61,-17607.47,-9824.0,-7822.0,-39638.0,-444.0
90,51,66,-24555.79,-22432.83,-10279.27,-8896.29,-125186.74,-18584.29,-9824.0,-6764.5,-43015.0,-6.0
90,52,57,-26379.85,-23988.29,-10279.27,-9761.54,-148390.14,-19615.3,-9824.0,-7226.0,-45627.0,-99.0
90,53,48,-27236.27,-25651.61,-10279.27,-9946.5,-165938.02,-20703.51,-9824.0,-6985.0,-45649.0,-228.0
90,54,45,-29259.44,-27430.26,-10279.27,-10273.49,-196694.68,-21852.09,-9824.0,-6171.0,-49807.0,-1325.0
90,55,32,-31432.91,-29332.24,-13418.38,-13418.38,-233152.11,-23064.39,-9824.0,-9065.0,-45044.0,-1657.0
90,56,30,-33767.83,-31366.1,-13418.38,-12894.77,-276366.93,-24343.95,-10657.0,-10657.0,-41617.0,-140.0
90,57,23,-36276.2,-33540.98,-13959.09,-13959.09,-327591.62,-25694.49,-12512.0,-12512.0,-41128.0,-276.0
90,58,18,-38970.89,-35866.67,-14697.83,-14697.83,-327592.75,-27119.96,-12512.0,-11862.0,-39556.0,-561.0
90,59,16,-41865.75,-38353.62,-15428.75,-15428.75,-327593.88,-28624.51,-12512.0,-10712.5,-41796.0,-343.0
90,60,16,-44975.64,-41013.01,-15428.75,-14891.12,-327595.0,-30212.53,-12512.0,-11767.5,-39440.0,-1956.0
90,61,14,-48316.55,-43856.8,-15428.75,-13177.71,-327596.13,-31888.65,-13854.0,-13854.0,-33863.0,-1530.0
90,62,12,-51905.63,-46897.77,-15428.75,-14948.33,-327597.25,-33657.75,-16122.5,-16122.5,-26253.0,-4375.0
90,63,12,-55761.32,-50149.6,-15632.42,-15632.42,-327598.38,-35525.0,-16122.5,-14562.5,-30035.0,-5938.0
90,64,12,-59903.42,-53626.91,-16681.67,-16681.67,-327599.5,-37495.84,-16401.0,-16401.0,-31791.0,-2146.0
90,65,12,-64353.21,-57345.33,-16681.67,-12275.25,-327600.62,-39576.02,-16401.0,-12630.0,-33241.0,-324.0
90,66,8,-66419.81,-61321.58,-18195.88,-18195.88,-327600.71,-41771.6,-19562.5,-19562.5,-33906.0,-2604.0
90,67,8,-66420.81,-65573.54,-18195.88,-15950.25,-327601.62,-44088.99,-19562.5,-14990.0,-36792.0,-1165.0
90,68,8,-70120.32,-70120.32,-18195.88,-14906.5,-327602.62,-46534.94,-19562.5,-12055.5,-36181.0,-792.0
90,69,7,-74982.37,-74982.37,-18195.88,-12249.86,-327603.62,-49116.58,-19562.5,-9130.0,-34187.0,-2126.0
90,70,6,-80181.55,-80181.55,-18195.88,-17343.33,-327604.62,-51841.45,-19562.5,-13201.5,-49982.0,-300.0
